experiment_id,condition,participant_id,participant_age,participant_gender,tech_proficiency,ordering_frequency,emotional_state,task_completion_time,error_count,decision_changes,recommendations_shown,recommendations_accepted,recommendation_acceptance_rate,nasa_tlx_mental_demand,nasa_tlx_physical_demand,nasa_tlx_temporal_demand,nasa_tlx_performance,nasa_tlx_effort,nasa_tlx_frustration,nasa_tlx_overall,sus_total,satisfaction_overall,satisfaction_ease_of_use,satisfaction_recommendation_quality,satisfaction_personalization,satisfaction_decision_confidence,satisfaction_enjoyment,satisfaction_return_intention,timestamp
P001_emotion_responsive_1,emotion_responsive,P001,27,female,intermediate,medium,tired,,0,0,2,1,0,0,0,0,0,0,0,0,0,0,0,0,0,0,0,0,2025-07-11T14:33:47.502197
P001_emotion_responsive_2,emotion_responsive,P001,27,female,intermediate,medium,sad,,0,0,2,2,0,0,0,0,0,0,0,0,0,0,0,0,0,0,0,0,2025-07-11T14:33:49.161121
P001_emotion_responsive_3,emotion_responsive,P001,27,female,intermediate,medium,happy,,0,0,2,1,0,0,0,0,0,0,0,0,0,0,0,0,0,0,0,0,2025-07-11T14:33:50.834051
P001_emotion_responsive_4,emotion_responsive,P001,27,female,intermediate,medium,angry,,0,0,2,2,0,0,0,0,0,0,0,0,0,0,0,0,0,0,0,0,2025-07-11T14:33:51.922675
P001_emotion_responsive_5,emotion_responsive,P001,27,female,intermediate,medium,stressed,,0,0,2,2,0,0,0,0,0,0,0,0,0,0,0,0,0,0,0,0,2025-07-11T14:33:54.142993
P001_traditional_1,traditional,P001,27,female,intermediate,medium,neutral,,0,0,0,0,0,0,0,0,0,0,0,0,0,0,0,0,0,0,0,0,2025-07-11T14:33:56.764633
P001_traditional_2,traditional,P001,27,female,intermediate,medium,stressed,,1,1,0,0,0,0,0,0,0,0,0,0,0,0,0,0,0,0,0,0,2025-07-11T14:33:57.940853
P001_traditional_3,traditional,P001,27,female,intermediate,medium,stressed,,0,0,0,0,0,0,0,0,0,0,0,0,0,0,0,0,0,0,0,0,2025-07-11T14:34:00.903173
P001_traditional_4,traditional,P001,27,female,intermediate,medium,surprised,,0,1,0,0,0,0,0,0,0,0,0,0,0,0,0,0,0,0,0,0,2025-07-11T14:34:02.620134
P001_traditional_5,traditional,P001,27,female,intermediate,medium,stressed,,0,0,0,0,0,0,0,0,0,0,0,0,0,0,0,0,0,0,0,0,2025-07-11T14:34:03.717836
P002_emotion_responsive_1,emotion_responsive,P002,28,male,basic,low,angry,,0,0,2,2,0,0,0,0,0,0,0,0,0,0,0,0,0,0,0,0,2025-07-11T14:34:06.451383
P002_emotion_responsive_2,emotion_responsive,P002,28,male,basic,low,surprised,,0,0,2,2,0,0,0,0,0,0,0,0,0,0,0,0,0,0,0,0,2025-07-11T14:34:08.120285
P002_emotion_responsive_3,emotion_responsive,P002,28,male,basic,low,stressed,,0,0,2,2,0,0,0,0,0,0,0,0,0,0,0,0,0,0,0,0,2025-07-11T14:34:09.801367
P002_emotion_responsive_4,emotion_responsive,P002,28,male,basic,low,stressed,,0,0,2,1,0,0,0,0,0,0,0,0,0,0,0,0,0,0,0,0,2025-07-11T14:34:11.741865
P002_emotion_responsive_5,emotion_responsive,P002,28,male,basic,low,sad,,0,0,2,1,0,0,0,0,0,0,0,0,0,0,0,0,0,0,0,0,2025-07-11T14:34:12.895421
P002_traditional_1,traditional,P002,28,male,basic,low,stressed,,0,0,0,0,0,0,0,0,0,0,0,0,0,0,0,0,0,0,0,0,2025-07-11T14:34:15.396403
P002_traditional_2,traditional,P002,28,male,basic,low,surprised,,0,0,0,0,0,0,0,0,0,0,0,0,0,0,0,0,0,0,0,0,2025-07-11T14:34:16.469312
P002_traditional_3,traditional,P002,28,male,basic,low,sad,,0,0,0,0,0,0,0,0,0,0,0,0,0,0,0,0,0,0,0,0,2025-07-11T14:34:17.753675
P002_traditional_4,traditional,P002,28,male,basic,low,surprised,,0,0,0,0,0,0,0,0,0,0,0,0,0,0,0,0,0,0,0,0,2025-07-11T14:34:18.816082
P002_traditional_5,traditional,P002,28,male,basic,low,surprised,,0,0,0,0,0,0,0,0,0,0,0,0,0,0,0,0,0,0,0,0,2025-07-11T14:34:21.325783
P003_emotion_responsive_1,emotion_responsive,P003,26,female,intermediate,medium,tired,,0,0,2,1,0,0,0,0,0,0,0,0,0,0,0,0,0,0,0,0,2025-07-11T14:34:24.324159
P003_emotion_responsive_2,emotion_responsive,P003,26,female,intermediate,medium,sad,,0,0,2,1,0,0,0,0,0,0,0,0,0,0,0,0,0,0,0,0,2025-07-11T14:34:25.733004
P003_emotion_responsive_3,emotion_responsive,P003,26,female,intermediate,medium,happy,,0,0,2,1,0,0,0,0,0,0,0,0,0,0,0,0,0,0,0,0,2025-07-11T14:34:27.356201
P003_emotion_responsive_4,emotion_responsive,P003,26,female,intermediate,medium,sad,,0,0,2,0,0,0,0,0,0,0,0,0,0,0,0,0,0,0,0,0,2025-07-11T14:34:30.300646
P003_emotion_responsive_5,emotion_responsive,P003,26,female,intermediate,medium,surprised,,0,0,2,0,0,0,0,0,0,0,0,0,0,0,0,0,0,0,0,0,2025-07-11T14:34:33.025660
P003_traditional_1,traditional,P003,26,female,intermediate,medium,neutral,,0,0,0,0,0,0,0,0,0,0,0,0,0,0,0,0,0,0,0,0,2025-07-11T14:34:35.948932
P003_traditional_2,traditional,P003,26,female,intermediate,medium,sad,,0,0,0,0,0,0,0,0,0,0,0,0,0,0,0,0,0,0,0,0,2025-07-11T14:34:38.353858
P003_traditional_3,traditional,P003,26,female,intermediate,medium,happy,,1,0,0,0,0,0,0,0,0,0,0,0,0,0,0,0,0,0,0,0,2025-07-11T14:34:39.993725
P003_traditional_4,traditional,P003,26,female,intermediate,medium,neutral,,0,0,0,0,0,0,0,0,0,0,0,0,0,0,0,0,0,0,0,0,2025-07-11T14:34:41.754658
P003_traditional_5,traditional,P003,26,female,intermediate,medium,happy,,0,0,0,0,0,0,0,0,0,0,0,0,0,0,0,0,0,0,0,0,2025-07-11T14:34:42.838524
P004_emotion_responsive_1,emotion_responsive,P004,30,male,advanced,high,stressed,,0,0,2,1,0,0,0,0,0,0,0,0,0,0,0,0,0,0,0,0,2025-07-11T14:34:45.363063
P004_emotion_responsive_2,emotion_responsive,P004,30,male,advanced,high,tired,,0,0,2,1,0,0,0,0,0,0,0,0,0,0,0,0,0,0,0,0,2025-07-11T14:34:48.195075
P004_emotion_responsive_3,emotion_responsive,P004,30,male,advanced,high,sad,,0,0,2,1,0,0,0,0,0,0,0,0,0,0,0,0,0,0,0,0,2025-07-11T14:34:51.019100
P004_emotion_responsive_4,emotion_responsive,P004,30,male,advanced,high,stressed,,0,0,2,0,0,0,0,0,0,0,0,0,0,0,0,0,0,0,0,0,2025-07-11T14:34:52.239589
P004_emotion_responsive_5,emotion_responsive,P004,30,male,advanced,high,surprised,,0,0,2,1,0,0,0,0,0,0,0,0,0,0,0,0,0,0,0,0,2025-07-11T14:34:54.393029
P004_traditional_1,traditional,P004,30,male,advanced,high,stressed,,0,0,0,0,0,0,0,0,0,0,0,0,0,0,0,0,0,0,0,0,2025-07-11T14:34:55.759002
P004_traditional_2,traditional,P004,30,male,advanced,high,happy,,0,0,0,0,0,0,0,0,0,0,0,0,0,0,0,0,0,0,0,0,2025-07-11T14:34:57.158604
P004_traditional_3,traditional,P004,30,male,advanced,high,happy,,1,0,0,0,0,0,0,0,0,0,0,0,0,0,0,0,0,0,0,0,2025-07-11T14:34:59.539580
P004_traditional_4,traditional,P004,30,male,advanced,high,surprised,,0,0,0,0,0,0,0,0,0,0,0,0,0,0,0,0,0,0,0,0,2025-07-11T14:35:00.745844
P004_traditional_5,traditional,P004,30,male,advanced,high,sad,,0,1,0,0,0,0,0,0,0,0,0,0,0,0,0,0,0,0,0,0,2025-07-11T14:35:02.784766
P005_emotion_responsive_1,emotion_responsive,P005,27,female,intermediate,medium,surprised,,0,0,2,1,0,0,0,0,0,0,0,0,0,0,0,0,0,0,0,0,2025-07-11T14:35:05.561349
P005_emotion_responsive_2,emotion_responsive,P005,27,female,intermediate,medium,happy,,0,0,2,2,0,0,0,0,0,0,0,0,0,0,0,0,0,0,0,0,2025-07-11T14:35:07.799394
P005_emotion_responsive_3,emotion_responsive,P005,27,female,intermediate,medium,surprised,,0,0,2,2,0,0,0,0,0,0,0,0,0,0,0,0,0,0,0,0,2025-07-11T14:35:08.929857
P005_emotion_responsive_4,emotion_responsive,P005,27,female,intermediate,medium,happy,,0,0,2,1,0,0,0,0,0,0,0,0,0,0,0,0,0,0,0,0,2025-07-11T14:35:10.665572
P001_emotion_responsive_1,emotion_responsive,P001,25,female,intermediate,high,tired,,0,0,2,0,0,0,0,0,0,0,0,0,0,0,0,0,0,0,0,0,2025-07-11T14:37:18.849188
P001_emotion_responsive_2,emotion_responsive,P001,25,female,intermediate,high,stressed,,0,0,2,0,0,0,0,0,0,0,0,0,0,0,0,0,0,0,0,0,2025-07-11T14:37:21.015688
P001_emotion_responsive_3,emotion_responsive,P001,25,female,intermediate,high,angry,,0,0,2,2,0,0,0,0,0,0,0,0,0,0,0,0,0,0,0,0,2025-07-11T14:37:23.753142
P001_emotion_responsive_4,emotion_responsive,P001,25,female,intermediate,high,stressed,,0,0,2,1,0,0,0,0,0,0,0,0,0,0,0,0,0,0,0,0,2025-07-11T14:37:25.185388
P001_emotion_responsive_5,emotion_responsive,P001,25,female,intermediate,high,stressed,,0,0,2,0,0,0,0,0,0,0,0,0,0,0,0,0,0,0,0,0,2025-07-11T14:37:26.274333
P001_traditional_1,traditional,P001,25,female,intermediate,high,happy,,1,0,0,0,0,0,0,0,0,0,0,0,0,0,0,0,0,0,0,0,2025-07-11T14:37:28.682200
P001_traditional_2,traditional,P001,25,female,intermediate,high,tired,,0,0,0,0,0,0,0,0,0,0,0,0,0,0,0,0,0,0,0,0,2025-07-11T14:37:29.749989
P001_traditional_3,traditional,P001,25,female,intermediate,high,tired,,0,1,0,0,0,0,0,0,0,0,0,0,0,0,0,0,0,0,0,0,2025-07-11T14:37:32.632389
P001_traditional_4,traditional,P001,25,female,intermediate,high,surprised,,1,0,0,0,0,0,0,0,0,0,0,0,0,0,0,0,0,0,0,0,2025-07-11T14:37:34.340771
P001_traditional_5,traditional,P001,25,female,intermediate,high,stressed,,0,0,0,0,0,0,0,0,0,0,0,0,0,0,0,0,0,0,0,0,2025-07-11T14:37:36.736069
P002_emotion_responsive_1,emotion_responsive,P002,22,male,advanced,medium,tired,,0,0,2,2,0,0,0,0,0,0,0,0,0,0,0,0,0,0,0,0,2025-07-11T14:37:38.108472
P002_emotion_responsive_2,emotion_responsive,P002,22,male,advanced,medium,tired,,0,0,2,2,0,0,0,0,0,0,0,0,0,0,0,0,0,0,0,0,2025-07-11T14:37:40.093325
P002_emotion_responsive_3,emotion_responsive,P002,22,male,advanced,medium,happy,,0,0,2,1,0,0,0,0,0,0,0,0,0,0,0,0,0,0,0,0,2025-07-11T14:37:42.896465
P002_emotion_responsive_4,emotion_responsive,P002,22,male,advanced,medium,stressed,,0,0,2,2,0,0,0,0,0,0,0,0,0,0,0,0,0,0,0,0,2025-07-11T14:37:44.953121
P002_emotion_responsive_5,emotion_responsive,P002,22,male,advanced,medium,happy,,0,0,2,2,0,0,0,0,0,0,0,0,0,0,0,0,0,0,0,0,2025-07-11T14:37:46.663319
P002_traditional_1,traditional,P002,22,male,advanced,medium,stressed,,0,0,0,0,0,0,0,0,0,0,0,0,0,0,0,0,0,0,0,0,2025-07-11T14:37:49.243813
P002_traditional_2,traditional,P002,22,male,advanced,medium,stressed,,0,0,0,0,0,0,0,0,0,0,0,0,0,0,0,0,0,0,0,0,2025-07-11T14:37:51.592284
P002_traditional_3,traditional,P002,22,male,advanced,medium,neutral,,0,0,0,0,0,0,0,0,0,0,0,0,0,0,0,0,0,0,0,0,2025-07-11T14:37:53.113425
P002_traditional_4,traditional,P002,22,male,advanced,medium,angry,,0,0,0,0,0,0,0,0,0,0,0,0,0,0,0,0,0,0,0,0,2025-07-11T14:37:54.179560
P002_traditional_5,traditional,P002,22,male,advanced,medium,neutral,,0,0,0,0,0,0,0,0,0,0,0,0,0,0,0,0,0,0,0,0,2025-07-11T14:37:56.759907
P003_emotion_responsive_1,emotion_responsive,P003,22,male,advanced,medium,happy,,0,0,2,2,0,0,0,0,0,0,0,0,0,0,0,0,0,0,0,0,2025-07-11T14:37:58.590944
P003_emotion_responsive_2,emotion_responsive,P003,22,male,advanced,medium,surprised,,0,0,2,2,0,0,0,0,0,0,0,0,0,0,0,0,0,0,0,0,2025-07-11T14:37:59.634085
P003_emotion_responsive_3,emotion_responsive,P003,22,male,advanced,medium,happy,,0,0,2,2,0,0,0,0,0,0,0,0,0,0,0,0,0,0,0,0,2025-07-11T14:38:01.248148
P003_emotion_responsive_4,emotion_responsive,P003,22,male,advanced,medium,angry,,0,0,2,2,0,0,0,0,0,0,0,0,0,0,0,0,0,0,0,0,2025-07-11T14:38:03.623358
P003_emotion_responsive_5,emotion_responsive,P003,22,male,advanced,medium,tired,,0,0,2,1,0,0,0,0,0,0,0,0,0,0,0,0,0,0,0,0,2025-07-11T14:38:05.280292
P003_traditional_1,traditional,P003,22,male,advanced,medium,neutral,,0,0,0,0,0,0,0,0,0,0,0,0,0,0,0,0,0,0,0,0,2025-07-11T14:38:07.087481
P003_traditional_2,traditional,P003,22,male,advanced,medium,happy,,0,1,0,0,0,0,0,0,0,0,0,0,0,0,0,0,0,0,0,0,2025-07-11T14:38:09.637226
P003_traditional_3,traditional,P003,22,male,advanced,medium,neutral,,0,0,0,0,0,0,0,0,0,0,0,0,0,0,0,0,0,0,0,0,2025-07-11T14:38:12.610645
P003_traditional_4,traditional,P003,22,male,advanced,medium,sad,,0,0,0,0,0,0,0,0,0,0,0,0,0,0,0,0,0,0,0,0,2025-07-11T14:38:14.691796
P003_traditional_5,traditional,P003,22,male,advanced,medium,sad,,0,0,0,0,0,0,0,0,0,0,0,0,0,0,0,0,0,0,0,0,2025-07-11T14:38:16.435102
P004_emotion_responsive_1,emotion_responsive,P004,22,male,advanced,medium,neutral,,0,0,2,0,0,0,0,0,0,0,0,0,0,0,0,0,0,0,0,0,2025-07-11T14:38:17.957108
P004_emotion_responsive_2,emotion_responsive,P004,22,male,advanced,medium,tired,,0,0,2,2,0,0,0,0,0,0,0,0,0,0,0,0,0,0,0,0,2025-07-11T14:38:20.499055
P004_emotion_responsive_3,emotion_responsive,P004,22,male,advanced,medium,neutral,,0,0,2,1,0,0,0,0,0,0,0,0,0,0,0,0,0,0,0,0,2025-07-11T14:38:22.121627
P004_emotion_responsive_4,emotion_responsive,P004,22,male,advanced,medium,tired,,0,0,2,2,0,0,0,0,0,0,0,0,0,0,0,0,0,0,0,0,2025-07-11T14:38:24.359242
P004_emotion_responsive_5,emotion_responsive,P004,22,male,advanced,medium,happy,,0,0,2,1,0,0,0,0,0,0,0,0,0,0,0,0,0,0,0,0,2025-07-11T14:38:27.082750
P004_traditional_1,traditional,P004,22,male,advanced,medium,neutral,,0,0,0,0,0,0,0,0,0,0,0,0,0,0,0,0,0,0,0,0,2025-07-11T14:38:29.629111
P004_traditional_2,traditional,P004,22,male,advanced,medium,surprised,,1,0,0,0,0,0,0,0,0,0,0,0,0,0,0,0,0,0,0,0,2025-07-11T14:38:30.843637
P004_traditional_3,traditional,P004,22,male,advanced,medium,sad,,0,0,0,0,0,0,0,0,0,0,0,0,0,0,0,0,0,0,0,0,2025-07-11T14:38:33.542978
P004_traditional_4,traditional,P004,22,male,advanced,medium,happy,,1,0,0,0,0,0,0,0,0,0,0,0,0,0,0,0,0,0,0,0,2025-07-11T14:38:35.319108
P004_traditional_5,traditional,P004,22,male,advanced,medium,stressed,,0,0,0,0,0,0,0,0,0,0,0,0,0,0,0,0,0,0,0,0,2025-07-11T14:38:38.216573
P005_emotion_responsive_1,emotion_responsive,P005,30,male,advanced,high,surprised,,0,0,2,0,0,0,0,0,0,0,0,0,0,0,0,0,0,0,0,0,2025-07-11T14:38:39.461979
P005_emotion_responsive_2,emotion_responsive,P005,30,male,advanced,high,neutral,,0,0,2,0,0,0,0,0,0,0,0,0,0,0,0,0,0,0,0,0,2025-07-11T14:38:42.115895
P005_emotion_responsive_3,emotion_responsive,P005,30,male,advanced,high,stressed,,0,0,2,1,0,0,0,0,0,0,0,0,0,0,0,0,0,0,0,0,2025-07-11T14:38:43.491350
P005_emotion_responsive_4,emotion_responsive,P005,30,male,advanced,high,neutral,,0,0,2,1,0,0,0,0,0,0,0,0,0,0,0,0,0,0,0,0,2025-07-11T14:38:46.122958
P005_emotion_responsive_5,emotion_responsive,P005,30,male,advanced,high,surprised,,0,0,2,1,0,0,0,0,0,0,0,0,0,0,0,0,0,0,0,0,2025-07-11T14:38:48.356279
P005_traditional_1,traditional,P005,30,male,advanced,high,surprised,,0,0,0,0,0,0,0,0,0,0,0,0,0,0,0,0,0,0,0,0,2025-07-11T14:38:49.363202
P005_traditional_2,traditional,P005,30,male,advanced,high,tired,,1,0,0,0,0,0,0,0,0,0,0,0,0,0,0,0,0,0,0,0,2025-07-11T14:38:50.876267
P005_traditional_3,traditional,P005,30,male,advanced,high,tired,,0,0,0,0,0,0,0,0,0,0,0,0,0,0,0,0,0,0,0,0,2025-07-11T14:38:52.016844
P005_traditional_4,traditional,P005,30,male,advanced,high,happy,,0,0,0,0,0,0,0,0,0,0,0,0,0,0,0,0,0,0,0,0,2025-07-11T14:38:53.783294
P005_traditional_5,traditional,P005,30,male,advanced,high,neutral,,0,1,0,0,0,0,0,0,0,0,0,0,0,0,0,0,0,0,0,0,2025-07-11T14:38:54.987435
P006_emotion_responsive_1,emotion_responsive,P006,24,female,intermediate,medium,surprised,,0,0,2,1,0,0,0,0,0,0,0,0,0,0,0,0,0,0,0,0,2025-07-11T14:38:56.634637
P006_emotion_responsive_2,emotion_responsive,P006,24,female,intermediate,medium,surprised,,0,0,2,1,0,0,0,0,0,0,0,0,0,0,0,0,0,0,0,0,2025-07-11T14:38:58.962619
P006_emotion_responsive_3,emotion_responsive,P006,24,female,intermediate,medium,angry,,0,0,2,0,0,0,0,0,0,0,0,0,0,0,0,0,0,0,0,0,2025-07-11T14:39:01.358570
P006_emotion_responsive_4,emotion_responsive,P006,24,female,intermediate,medium,sad,,0,0,2,0,0,0,0,0,0,0,0,0,0,0,0,0,0,0,0,0,2025-07-11T14:39:02.447583
P006_emotion_responsive_5,emotion_responsive,P006,24,female,intermediate,medium,sad,,0,0,2,1,0,0,0,0,0,0,0,0,0,0,0,0,0,0,0,0,2025-07-11T14:39:04.413553
P006_traditional_1,traditional,P006,24,female,intermediate,medium,tired,,0,0,0,0,0,0,0,0,0,0,0,0,0,0,0,0,0,0,0,0,2025-07-11T14:39:05.515818
P006_traditional_2,traditional,P006,24,female,intermediate,medium,sad,,0,1,0,0,0,0,0,0,0,0,0,0,0,0,0,0,0,0,0,0,2025-07-11T14:39:06.678018
P006_traditional_3,traditional,P006,24,female,intermediate,medium,neutral,,0,0,0,0,0,0,0,0,0,0,0,0,0,0,0,0,0,0,0,0,2025-07-11T14:39:09.370699
P006_traditional_4,traditional,P006,24,female,intermediate,medium,surprised,,0,0,0,0,0,0,0,0,0,0,0,0,0,0,0,0,0,0,0,0,2025-07-11T14:39:11.859460
P006_traditional_5,traditional,P006,24,female,intermediate,medium,neutral,,0,0,0,0,0,0,0,0,0,0,0,0,0,0,0,0,0,0,0,0,2025-07-11T14:39:13.997362
P007_emotion_responsive_1,emotion_responsive,P007,24,female,intermediate,medium,neutral,,0,0,2,1,0,0,0,0,0,0,0,0,0,0,0,0,0,0,0,0,2025-07-11T14:39:16.351253
P007_emotion_responsive_2,emotion_responsive,P007,24,female,intermediate,medium,happy,,0,0,2,1,0,0,0,0,0,0,0,0,0,0,0,0,0,0,0,0,2025-07-11T14:39:18.062595
P007_emotion_responsive_3,emotion_responsive,P007,24,female,intermediate,medium,happy,,0,0,2,1,0,0,0,0,0,0,0,0,0,0,0,0,0,0,0,0,2025-07-11T14:39:20.038527
P007_emotion_responsive_4,emotion_responsive,P007,24,female,intermediate,medium,surprised,,0,0,2,0,0,0,0,0,0,0,0,0,0,0,0,0,0,0,0,0,2025-07-11T14:39:21.677983
P007_emotion_responsive_5,emotion_responsive,P007,24,female,intermediate,medium,neutral,,0,0,2,0,0,0,0,0,0,0,0,0,0,0,0,0,0,0,0,0,2025-07-11T14:39:24.297515
P007_traditional_1,traditional,P007,24,female,intermediate,medium,neutral,,0,0,0,0,0,0,0,0,0,0,0,0,0,0,0,0,0,0,0,0,2025-07-11T14:39:25.758085
P007_traditional_2,traditional,P007,24,female,intermediate,medium,neutral,,0,0,0,0,0,0,0,0,0,0,0,0,0,0,0,0,0,0,0,0,2025-07-11T14:39:28.133084
P007_traditional_3,traditional,P007,24,female,intermediate,medium,happy,,0,0,0,0,0,0,0,0,0,0,0,0,0,0,0,0,0,0,0,0,2025-07-11T14:39:29.438191
P007_traditional_4,traditional,P007,24,female,intermediate,medium,sad,,0,0,0,0,0,0,0,0,0,0,0,0,0,0,0,0,0,0,0,0,2025-07-11T14:39:31.091141
P007_traditional_5,traditional,P007,24,female,intermediate,medium,stressed,,0,0,0,0,0,0,0,0,0,0,0,0,0,0,0,0,0,0,0,0,2025-07-11T14:39:33.475697
P008_emotion_responsive_1,emotion_responsive,P008,22,male,advanced,medium,tired,,0,0,2,1,0,0,0,0,0,0,0,0,0,0,0,0,0,0,0,0,2025-07-11T14:39:35.859107
P008_emotion_responsive_2,emotion_responsive,P008,22,male,advanced,medium,stressed,,0,0,2,2,0,0,0,0,0,0,0,0,0,0,0,0,0,0,0,0,2025-07-11T14:39:37.169310
P008_emotion_responsive_3,emotion_responsive,P008,22,male,advanced,medium,neutral,,0,0,2,2,0,0,0,0,0,0,0,0,0,0,0,0,0,0,0,0,2025-07-11T14:39:39.400804
P008_emotion_responsive_4,emotion_responsive,P008,22,male,advanced,medium,tired,,0,0,2,2,0,0,0,0,0,0,0,0,0,0,0,0,0,0,0,0,2025-07-11T14:39:41.085521
P008_emotion_responsive_5,emotion_responsive,P008,22,male,advanced,medium,angry,,0,0,2,2,0,0,0,0,0,0,0,0,0,0,0,0,0,0,0,0,2025-07-11T14:39:43.010806
P008_traditional_1,traditional,P008,22,male,advanced,medium,neutral,,0,1,0,0,0,0,0,0,0,0,0,0,0,0,0,0,0,0,0,0,2025-07-11T14:39:44.688562
P008_traditional_2,traditional,P008,22,male,advanced,medium,surprised,,0,0,0,0,0,0,0,0,0,0,0,0,0,0,0,0,0,0,0,0,2025-07-11T14:39:46.690647
P008_traditional_3,traditional,P008,22,male,advanced,medium,tired,,0,1,0,0,0,0,0,0,0,0,0,0,0,0,0,0,0,0,0,0,2025-07-11T14:39:49.408943
P008_traditional_4,traditional,P008,22,male,advanced,medium,happy,,0,0,0,0,0,0,0,0,0,0,0,0,0,0,0,0,0,0,0,0,2025-07-11T14:39:51.992978
P008_traditional_5,traditional,P008,22,male,advanced,medium,neutral,,0,0,0,0,0,0,0,0,0,0,0,0,0,0,0,0,0,0,0,0,2025-07-11T14:39:54.705587
P009_emotion_responsive_1,emotion_responsive,P009,30,male,advanced,high,neutral,,0,0,2,1,0,0,0,0,0,0,0,0,0,0,0,0,0,0,0,0,2025-07-11T14:39:56.585064
P009_emotion_responsive_2,emotion_responsive,P009,30,male,advanced,high,happy,,0,0,2,0,0,0,0,0,0,0,0,0,0,0,0,0,0,0,0,0,2025-07-11T14:39:59.162574
P009_emotion_responsive_3,emotion_responsive,P009,30,male,advanced,high,surprised,,0,0,2,1,0,0,0,0,0,0,0,0,0,0,0,0,0,0,0,0,2025-07-11T14:40:01.476626
P009_emotion_responsive_4,emotion_responsive,P009,30,male,advanced,high,tired,,0,0,2,2,0,0,0,0,0,0,0,0,0,0,0,0,0,0,0,0,2025-07-11T14:40:02.605816
P009_emotion_responsive_5,emotion_responsive,P009,30,male,advanced,high,surprised,,0,0,2,1,0,0,0,0,0,0,0,0,0,0,0,0,0,0,0,0,2025-07-11T14:40:04.021507
P009_traditional_1,traditional,P009,30,male,advanced,high,surprised,,0,1,0,0,0,0,0,0,0,0,0,0,0,0,0,0,0,0,0,0,2025-07-11T14:40:05.174107
P009_traditional_2,traditional,P009,30,male,advanced,high,happy,,0,0,0,0,0,0,0,0,0,0,0,0,0,0,0,0,0,0,0,0,2025-07-11T14:40:06.245850
P009_traditional_3,traditional,P009,30,male,advanced,high,happy,,0,0,0,0,0,0,0,0,0,0,0,0,0,0,0,0,0,0,0,0,2025-07-11T14:40:08.559946
P009_traditional_4,traditional,P009,30,male,advanced,high,sad,,0,0,0,0,0,0,0,0,0,0,0,0,0,0,0,0,0,0,0,0,2025-07-11T14:40:10.224954
P009_traditional_5,traditional,P009,30,male,advanced,high,sad,,0,0,0,0,0,0,0,0,0,0,0,0,0,0,0,0,0,0,0,0,2025-07-11T14:40:12.339556
P010_emotion_responsive_1,emotion_responsive,P010,23,male,basic,low,tired,,0,0,2,1,0,0,0,0,0,0,0,0,0,0,0,0,0,0,0,0,2025-07-11T14:40:14.703682
P010_emotion_responsive_2,emotion_responsive,P010,23,male,basic,low,happy,,0,0,2,0,0,0,0,0,0,0,0,0,0,0,0,0,0,0,0,0,2025-07-11T14:40:17.124006
P010_emotion_responsive_3,emotion_responsive,P010,23,male,basic,low,neutral,,0,0,2,1,0,0,0,0,0,0,0,0,0,0,0,0,0,0,0,0,2025-07-11T14:40:19.661636
P010_emotion_responsive_4,emotion_responsive,P010,23,male,basic,low,neutral,,0,0,2,2,0,0,0,0,0,0,0,0,0,0,0,0,0,0,0,0,2025-07-11T14:40:21.738302
P010_emotion_responsive_5,emotion_responsive,P010,23,male,basic,low,stressed,,0,0,2,1,0,0,0,0,0,0,0,0,0,0,0,0,0,0,0,0,2025-07-11T14:40:24.335750
P010_traditional_1,traditional,P010,23,male,basic,low,stressed,,0,0,0,0,0,0,0,0,0,0,0,0,0,0,0,0,0,0,0,0,2025-07-11T14:40:27.340009
P010_traditional_2,traditional,P010,23,male,basic,low,happy,,0,0,0,0,0,0,0,0,0,0,0,0,0,0,0,0,0,0,0,0,2025-07-11T14:40:29.127878
P010_traditional_3,traditional,P010,23,male,basic,low,happy,,0,0,0,0,0,0,0,0,0,0,0,0,0,0,0,0,0,0,0,0,2025-07-11T14:40:31.696203
P010_traditional_4,traditional,P010,23,male,basic,low,sad,,0,0,0,0,0,0,0,0,0,0,0,0,0,0,0,0,0,0,0,0,2025-07-11T14:40:33.023697
P010_traditional_5,traditional,P010,23,male,basic,low,sad,,0,0,0,0,0,0,0,0,0,0,0,0,0,0,0,0,0,0,0,0,2025-07-11T14:40:34.495789
P011_emotion_responsive_1,emotion_responsive,P011,26,female,intermediate,medium,happy,,0,0,2,1,0,0,0,0,0,0,0,0,0,0,0,0,0,0,0,0,2025-07-11T14:40:35.715327
P011_emotion_responsive_2,emotion_responsive,P011,26,female,intermediate,medium,happy,,0,0,2,1,0,0,0,0,0,0,0,0,0,0,0,0,0,0,0,0,2025-07-11T14:40:36.996945
P011_emotion_responsive_3,emotion_responsive,P011,26,female,intermediate,medium,neutral,,0,0,2,1,0,0,0,0,0,0,0,0,0,0,0,0,0,0,0,0,2025-07-11T14:40:38.245849
P011_emotion_responsive_4,emotion_responsive,P011,26,female,intermediate,medium,angry,,0,0,2,2,0,0,0,0,0,0,0,0,0,0,0,0,0,0,0,0,2025-07-11T14:40:40.453949
P011_emotion_responsive_5,emotion_responsive,P011,26,female,intermediate,medium,neutral,,0,0,2,2,0,0,0,0,0,0,0,0,0,0,0,0,0,0,0,0,2025-07-11T14:40:41.682541
P011_traditional_1,traditional,P011,26,female,intermediate,medium,surprised,,0,1,0,0,0,0,0,0,0,0,0,0,0,0,0,0,0,0,0,0,2025-07-11T14:40:42.810814
P011_traditional_2,traditional,P011,26,female,intermediate,medium,neutral,,1,0,0,0,0,0,0,0,0,0,0,0,0,0,0,0,0,0,0,0,2025-07-11T14:40:45.508043
P011_traditional_3,traditional,P011,26,female,intermediate,medium,neutral,,0,0,0,0,0,0,0,0,0,0,0,0,0,0,0,0,0,0,0,0,2025-07-11T14:40:46.831612
P011_traditional_4,traditional,P011,26,female,intermediate,medium,neutral,,0,0,0,0,0,0,0,0,0,0,0,0,0,0,0,0,0,0,0,0,2025-07-11T14:40:48.889310
P011_traditional_5,traditional,P011,26,female,intermediate,medium,tired,,0,0,0,0,0,0,0,0,0,0,0,0,0,0,0,0,0,0,0,0,2025-07-11T14:40:50.965685
P012_emotion_responsive_1,emotion_responsive,P012,28,male,basic,low,surprised,,0,0,2,2,0,0,0,0,0,0,0,0,0,0,0,0,0,0,0,0,2025-07-11T14:40:52.700107
P012_emotion_responsive_2,emotion_responsive,P012,28,male,basic,low,sad,,0,0,2,2,0,0,0,0,0,0,0,0,0,0,0,0,0,0,0,0,2025-07-11T14:40:54.181106
P012_emotion_responsive_3,emotion_responsive,P012,28,male,basic,low,angry,,0,0,2,1,0,0,0,0,0,0,0,0,0,0,0,0,0,0,0,0,2025-07-11T14:40:57.121899
P012_emotion_responsive_4,emotion_responsive,P012,28,male,basic,low,surprised,,0,0,2,0,0,0,0,0,0,0,0,0,0,0,0,0,0,0,0,0,2025-07-11T14:40:58.558884
P012_emotion_responsive_5,emotion_responsive,P012,28,male,basic,low,surprised,,0,0,2,1,0,0,0,0,0,0,0,0,0,0,0,0,0,0,0,0,2025-07-11T14:41:01.161291
P012_traditional_1,traditional,P012,28,male,basic,low,sad,,1,1,0,0,0,0,0,0,0,0,0,0,0,0,0,0,0,0,0,0,2025-07-11T14:41:03.923763
P012_traditional_2,traditional,P012,28,male,basic,low,tired,,0,0,0,0,0,0,0,0,0,0,0,0,0,0,0,0,0,0,0,0,2025-07-11T14:41:06.715034
P012_traditional_3,traditional,P012,28,male,basic,low,tired,,0,0,0,0,0,0,0,0,0,0,0,0,0,0,0,0,0,0,0,0,2025-07-11T14:41:08.154738
P012_traditional_4,traditional,P012,28,male,basic,low,sad,,0,0,0,0,0,0,0,0,0,0,0,0,0,0,0,0,0,0,0,0,2025-07-11T14:41:10.851933
P012_traditional_5,traditional,P012,28,male,basic,low,happy,,0,0,0,0,0,0,0,0,0,0,0,0,0,0,0,0,0,0,0,0,2025-07-11T14:41:13.216602
P013_emotion_responsive_1,emotion_responsive,P013,30,male,advanced,high,surprised,,0,0,2,1,0,0,0,0,0,0,0,0,0,0,0,0,0,0,0,0,2025-07-11T14:41:15.543387
P013_emotion_responsive_2,emotion_responsive,P013,30,male,advanced,high,surprised,,0,0,2,1,0,0,0,0,0,0,0,0,0,0,0,0,0,0,0,0,2025-07-11T14:41:18.251138
P013_emotion_responsive_3,emotion_responsive,P013,30,male,advanced,high,sad,,0,0,2,2,0,0,0,0,0,0,0,0,0,0,0,0,0,0,0,0,2025-07-11T14:41:19.507752
P013_emotion_responsive_4,emotion_responsive,P013,30,male,advanced,high,neutral,,0,0,2,1,0,0,0,0,0,0,0,0,0,0,0,0,0,0,0,0,2025-07-11T14:41:22.274399
P013_emotion_responsive_5,emotion_responsive,P013,30,male,advanced,high,angry,,0,0,2,0,0,0,0,0,0,0,0,0,0,0,0,0,0,0,0,0,2025-07-11T14:41:24.734563
P013_traditional_1,traditional,P013,30,male,advanced,high,sad,,0,0,0,0,0,0,0,0,0,0,0,0,0,0,0,0,0,0,0,0,2025-07-11T14:41:27.553256
P013_traditional_2,traditional,P013,30,male,advanced,high,tired,,1,0,0,0,0,0,0,0,0,0,0,0,0,0,0,0,0,0,0,0,2025-07-11T14:41:29.242869
P013_traditional_3,traditional,P013,30,male,advanced,high,tired,,0,0,0,0,0,0,0,0,0,0,0,0,0,0,0,0,0,0,0,0,2025-07-11T14:41:30.436812
P013_traditional_4,traditional,P013,30,male,advanced,high,angry,,0,0,0,0,0,0,0,0,0,0,0,0,0,0,0,0,0,0,0,0,2025-07-11T14:41:31.871099
P013_traditional_5,traditional,P013,30,male,advanced,high,stressed,,0,0,0,0,0,0,0,0,0,0,0,0,0,0,0,0,0,0,0,0,2025-07-11T14:41:33.347673
P014_emotion_responsive_1,emotion_responsive,P014,25,female,intermediate,high,tired,,0,0,2,0,0,0,0,0,0,0,0,0,0,0,0,0,0,0,0,0,2025-07-11T14:41:36.305727
P014_emotion_responsive_2,emotion_responsive,P014,25,female,intermediate,high,neutral,,0,0,2,2,0,0,0,0,0,0,0,0,0,0,0,0,0,0,0,0,2025-07-11T14:41:39.080875
P014_emotion_responsive_3,emotion_responsive,P014,25,female,intermediate,high,stressed,,0,0,2,1,0,0,0,0,0,0,0,0,0,0,0,0,0,0,0,0,2025-07-11T14:41:40.846656
P014_emotion_responsive_4,emotion_responsive,P014,25,female,intermediate,high,happy,,0,0,2,0,0,0,0,0,0,0,0,0,0,0,0,0,0,0,0,0,2025-07-11T14:41:42.061593
P014_emotion_responsive_5,emotion_responsive,P014,25,female,intermediate,high,angry,,0,0,2,0,0,0,0,0,0,0,0,0,0,0,0,0,0,0,0,0,2025-07-11T14:41:43.332000
P014_traditional_1,traditional,P014,25,female,intermediate,high,stressed,,0,0,0,0,0,0,0,0,0,0,0,0,0,0,0,0,0,0,0,0,2025-07-11T14:41:45.167847
P014_traditional_2,traditional,P014,25,female,intermediate,high,stressed,,0,0,0,0,0,0,0,0,0,0,0,0,0,0,0,0,0,0,0,0,2025-07-11T14:41:47.930483
P014_traditional_3,traditional,P014,25,female,intermediate,high,angry,,0,0,0,0,0,0,0,0,0,0,0,0,0,0,0,0,0,0,0,0,2025-07-11T14:41:50.096906
P014_traditional_4,traditional,P014,25,female,intermediate,high,tired,,0,0,0,0,0,0,0,0,0,0,0,0,0,0,0,0,0,0,0,0,2025-07-11T14:41:51.490102
P014_traditional_5,traditional,P014,25,female,intermediate,high,tired,,0,0,0,0,0,0,0,0,0,0,0,0,0,0,0,0,0,0,0,0,2025-07-11T14:41:53.474159
P015_emotion_responsive_1,emotion_responsive,P015,22,male,advanced,medium,angry,,0,0,2,2,0,0,0,0,0,0,0,0,0,0,0,0,0,0,0,0,2025-07-11T14:41:54.562895
P015_emotion_responsive_2,emotion_responsive,P015,22,male,advanced,medium,neutral,,0,0,2,2,0,0,0,0,0,0,0,0,0,0,0,0,0,0,0,0,2025-07-11T14:41:56.888671
P015_emotion_responsive_3,emotion_responsive,P015,22,male,advanced,medium,angry,,0,0,2,2,0,0,0,0,0,0,0,0,0,0,0,0,0,0,0,0,2025-07-11T14:41:59.443353
P015_emotion_responsive_4,emotion_responsive,P015,22,male,advanced,medium,surprised,,0,0,2,1,0,0,0,0,0,0,0,0,0,0,0,0,0,0,0,0,2025-07-11T14:42:02.360658
P015_emotion_responsive_5,emotion_responsive,P015,22,male,advanced,medium,angry,,0,0,2,2,0,0,0,0,0,0,0,0,0,0,0,0,0,0,0,0,2025-07-11T14:42:04.606559
P015_traditional_1,traditional,P015,22,male,advanced,medium,angry,,0,0,0,0,0,0,0,0,0,0,0,0,0,0,0,0,0,0,0,0,2025-07-11T14:42:06.470198
P015_traditional_2,traditional,P015,22,male,advanced,medium,neutral,,0,0,0,0,0,0,0,0,0,0,0,0,0,0,0,0,0,0,0,0,2025-07-11T14:42:08.073639
P015_traditional_3,traditional,P015,22,male,advanced,medium,happy,,0,0,0,0,0,0,0,0,0,0,0,0,0,0,0,0,0,0,0,0,2025-07-11T14:42:10.013246
P015_traditional_4,traditional,P015,22,male,advanced,medium,tired,,0,0,0,0,0,0,0,0,0,0,0,0,0,0,0,0,0,0,0,0,2025-07-11T14:42:11.260156
P015_traditional_5,traditional,P015,22,male,advanced,medium,tired,,0,0,0,0,0,0,0,0,0,0,0,0,0,0,0,0,0,0,0,0,2025-07-11T14:42:12.837369
P016_emotion_responsive_1,emotion_responsive,P016,26,female,intermediate,medium,stressed,,0,0,2,1,0,0,0,0,0,0,0,0,0,0,0,0,0,0,0,0,2025-07-11T14:42:15.125702
P016_emotion_responsive_2,emotion_responsive,P016,26,female,intermediate,medium,stressed,,0,0,2,1,0,0,0,0,0,0,0,0,0,0,0,0,0,0,0,0,2025-07-11T14:42:17.374165
P016_emotion_responsive_3,emotion_responsive,P016,26,female,intermediate,medium,angry,,0,0,2,2,0,0,0,0,0,0,0,0,0,0,0,0,0,0,0,0,2025-07-11T14:42:19.031844
P016_emotion_responsive_4,emotion_responsive,P016,26,female,intermediate,medium,stressed,,0,0,2,1,0,0,0,0,0,0,0,0,0,0,0,0,0,0,0,0,2025-07-11T14:42:20.703040
P016_emotion_responsive_5,emotion_responsive,P016,26,female,intermediate,medium,surprised,,0,0,2,2,0,0,0,0,0,0,0,0,0,0,0,0,0,0,0,0,2025-07-11T14:42:23.203695
P016_traditional_1,traditional,P016,26,female,intermediate,medium,neutral,,0,0,0,0,0,0,0,0,0,0,0,0,0,0,0,0,0,0,0,0,2025-07-11T14:42:24.983566
P016_traditional_2,traditional,P016,26,female,intermediate,medium,tired,,0,0,0,0,0,0,0,0,0,0,0,0,0,0,0,0,0,0,0,0,2025-07-11T14:42:26.212665
P016_traditional_3,traditional,P016,26,female,intermediate,medium,neutral,,0,0,0,0,0,0,0,0,0,0,0,0,0,0,0,0,0,0,0,0,2025-07-11T14:42:28.664098
P016_traditional_4,traditional,P016,26,female,intermediate,medium,angry,,0,0,0,0,0,0,0,0,0,0,0,0,0,0,0,0,0,0,0,0,2025-07-11T14:42:30.572941
P016_traditional_5,traditional,P016,26,female,intermediate,medium,sad,,0,0,0,0,0,0,0,0,0,0,0,0,0,0,0,0,0,0,0,0,2025-07-11T14:42:32.573679
P017_emotion_responsive_1,emotion_responsive,P017,26,female,intermediate,medium,sad,,0,0,2,2,0,0,0,0,0,0,0,0,0,0,0,0,0,0,0,0,2025-07-11T14:42:35.049262
P017_emotion_responsive_2,emotion_responsive,P017,26,female,intermediate,medium,angry,,0,0,2,1,0,0,0,0,0,0,0,0,0,0,0,0,0,0,0,0,2025-07-11T14:42:36.926820
P017_emotion_responsive_3,emotion_responsive,P017,26,female,intermediate,medium,tired,,0,0,2,1,0,0,0,0,0,0,0,0,0,0,0,0,0,0,0,0,2025-07-11T14:42:38.358266
P017_emotion_responsive_4,emotion_responsive,P017,26,female,intermediate,medium,tired,,0,0,2,2,0,0,0,0,0,0,0,0,0,0,0,0,0,0,0,0,2025-07-11T14:42:41.008685
P017_emotion_responsive_5,emotion_responsive,P017,26,female,intermediate,medium,sad,,0,0,2,2,0,0,0,0,0,0,0,0,0,0,0,0,0,0,0,0,2025-07-11T14:42:42.364005
P017_traditional_1,traditional,P017,26,female,intermediate,medium,surprised,,1,1,0,0,0,0,0,0,0,0,0,0,0,0,0,0,0,0,0,0,2025-07-11T14:42:44.590766
P017_traditional_2,traditional,P017,26,female,intermediate,medium,sad,,0,0,0,0,0,0,0,0,0,0,0,0,0,0,0,0,0,0,0,0,2025-07-11T14:42:46.092790
P017_traditional_3,traditional,P017,26,female,intermediate,medium,sad,,0,0,0,0,0,0,0,0,0,0,0,0,0,0,0,0,0,0,0,0,2025-07-11T14:42:48.218728
P017_traditional_4,traditional,P017,26,female,intermediate,medium,sad,,0,1,0,0,0,0,0,0,0,0,0,0,0,0,0,0,0,0,0,0,2025-07-11T14:42:50.181514
P017_traditional_5,traditional,P017,26,female,intermediate,medium,stressed,,0,0,0,0,0,0,0,0,0,0,0,0,0,0,0,0,0,0,0,0,2025-07-11T14:42:52.711973
P018_emotion_responsive_1,emotion_responsive,P018,28,male,basic,low,sad,,0,0,2,2,0,0,0,0,0,0,0,0,0,0,0,0,0,0,0,0,2025-07-11T14:42:53.795559
P018_emotion_responsive_2,emotion_responsive,P018,28,male,basic,low,angry,,0,0,2,0,0,0,0,0,0,0,0,0,0,0,0,0,0,0,0,0,2025-07-11T14:42:55.415997
P018_emotion_responsive_3,emotion_responsive,P018,28,male,basic,low,angry,,0,0,2,0,0,0,0,0,0,0,0,0,0,0,0,0,0,0,0,0,2025-07-11T14:42:57.754143
P018_emotion_responsive_4,emotion_responsive,P018,28,male,basic,low,tired,,0,0,2,1,0,0,0,0,0,0,0,0,0,0,0,0,0,0,0,0,2025-07-11T14:43:00.381410
P018_emotion_responsive_5,emotion_responsive,P018,28,male,basic,low,angry,,0,0,2,2,0,0,0,0,0,0,0,0,0,0,0,0,0,0,0,0,2025-07-11T14:43:03.171046
P018_traditional_1,traditional,P018,28,male,basic,low,angry,,0,0,0,0,0,0,0,0,0,0,0,0,0,0,0,0,0,0,0,0,2025-07-11T14:43:05.031194
P018_traditional_2,traditional,P018,28,male,basic,low,tired,,1,0,0,0,0,0,0,0,0,0,0,0,0,0,0,0,0,0,0,0,2025-07-11T14:43:06.960410
P018_traditional_3,traditional,P018,28,male,basic,low,tired,,1,1,0,0,0,0,0,0,0,0,0,0,0,0,0,0,0,0,0,0,2025-07-11T14:43:08.972677
P018_traditional_4,traditional,P018,28,male,basic,low,angry,,0,0,0,0,0,0,0,0,0,0,0,0,0,0,0,0,0,0,0,0,2025-07-11T14:43:11.701538
P018_traditional_5,traditional,P018,28,male,basic,low,sad,,0,0,0,0,0,0,0,0,0,0,0,0,0,0,0,0,0,0,0,0,2025-07-11T14:43:14.025644
P019_emotion_responsive_1,emotion_responsive,P019,27,female,intermediate,medium,neutral,,0,0,2,2,0,0,0,0,0,0,0,0,0,0,0,0,0,0,0,0,2025-07-11T14:43:16.951501
P019_emotion_responsive_2,emotion_responsive,P019,27,female,intermediate,medium,tired,,0,0,2,2,0,0,0,0,0,0,0,0,0,0,0,0,0,0,0,0,2025-07-11T14:43:19.094497
P019_emotion_responsive_3,emotion_responsive,P019,27,female,intermediate,medium,surprised,,0,0,2,1,0,0,0,0,0,0,0,0,0,0,0,0,0,0,0,0,2025-07-11T14:43:21.706978
P019_emotion_responsive_4,emotion_responsive,P019,27,female,intermediate,medium,angry,,0,0,2,1,0,0,0,0,0,0,0,0,0,0,0,0,0,0,0,0,2025-07-11T14:43:24.009337
P019_emotion_responsive_5,emotion_responsive,P019,27,female,intermediate,medium,angry,,0,0,2,1,0,0,0,0,0,0,0,0,0,0,0,0,0,0,0,0,2025-07-11T14:43:25.449618
P019_traditional_1,traditional,P019,27,female,intermediate,medium,tired,,0,0,0,0,0,0,0,0,0,0,0,0,0,0,0,0,0,0,0,0,2025-07-11T14:43:27.917255
P019_traditional_2,traditional,P019,27,female,intermediate,medium,happy,,0,0,0,0,0,0,0,0,0,0,0,0,0,0,0,0,0,0,0,0,2025-07-11T14:43:30.476181
P019_traditional_3,traditional,P019,27,female,intermediate,medium,happy,,1,0,0,0,0,0,0,0,0,0,0,0,0,0,0,0,0,0,0,0,2025-07-11T14:43:32.957481
P019_traditional_4,traditional,P019,27,female,intermediate,medium,sad,,1,0,0,0,0,0,0,0,0,0,0,0,0,0,0,0,0,0,0,0,2025-07-11T14:43:35.872552
P019_traditional_5,traditional,P019,27,female,intermediate,medium,angry,,0,0,0,0,0,0,0,0,0,0,0,0,0,0,0,0,0,0,0,0,2025-07-11T14:43:37.139834
P020_emotion_responsive_1,emotion_responsive,P020,22,male,advanced,medium,surprised,,0,0,2,2,0,0,0,0,0,0,0,0,0,0,0,0,0,0,0,0,2025-07-11T14:43:40.136084
P020_emotion_responsive_2,emotion_responsive,P020,22,male,advanced,medium,happy,,0,0,2,1,0,0,0,0,0,0,0,0,0,0,0,0,0,0,0,0,2025-07-11T14:43:41.426415
P020_emotion_responsive_3,emotion_responsive,P020,22,male,advanced,medium,surprised,,0,0,2,1,0,0,0,0,0,0,0,0,0,0,0,0,0,0,0,0,2025-07-11T14:43:43.489315
P020_emotion_responsive_4,emotion_responsive,P020,22,male,advanced,medium,stressed,,0,0,2,1,0,0,0,0,0,0,0,0,0,0,0,0,0,0,0,0,2025-07-11T14:43:45.335822
P020_emotion_responsive_5,emotion_responsive,P020,22,male,advanced,medium,sad,,0,0,2,1,0,0,0,0,0,0,0,0,0,0,0,0,0,0,0,0,2025-07-11T14:43:46.821722
P020_traditional_1,traditional,P020,22,male,advanced,medium,sad,,0,0,0,0,0,0,0,0,0,0,0,0,0,0,0,0,0,0,0,0,2025-07-11T14:43:49.098991
P020_traditional_2,traditional,P020,22,male,advanced,medium,stressed,,0,0,0,0,0,0,0,0,0,0,0,0,0,0,0,0,0,0,0,0,2025-07-11T14:43:50.454752
P020_traditional_3,traditional,P020,22,male,advanced,medium,stressed,,0,0,0,0,0,0,0,0,0,0,0,0,0,0,0,0,0,0,0,0,2025-07-11T14:43:53.324697
P020_traditional_4,traditional,P020,22,male,advanced,medium,stressed,,0,0,0,0,0,0,0,0,0,0,0,0,0,0,0,0,0,0,0,0,2025-07-11T14:43:56.067480
P020_traditional_5,traditional,P020,22,male,advanced,medium,happy,,0,0,0,0,0,0,0,0,0,0,0,0,0,0,0,0,0,0,0,0,2025-07-11T14:43:58.729375
P021_emotion_responsive_1,emotion_responsive,P021,28,male,basic,low,tired,,0,0,2,1,0,0,0,0,0,0,0,0,0,0,0,0,0,0,0,0,2025-07-11T14:44:00.384701
P021_emotion_responsive_2,emotion_responsive,P021,28,male,basic,low,tired,,0,0,2,1,0,0,0,0,0,0,0,0,0,0,0,0,0,0,0,0,2025-07-11T14:44:01.590170
P021_emotion_responsive_3,emotion_responsive,P021,28,male,basic,low,angry,,0,0,2,1,0,0,0,0,0,0,0,0,0,0,0,0,0,0,0,0,2025-07-11T14:44:02.801681
P021_emotion_responsive_4,emotion_responsive,P021,28,male,basic,low,stressed,,0,0,2,1,0,0,0,0,0,0,0,0,0,0,0,0,0,0,0,0,2025-07-11T14:44:04.606759
P021_emotion_responsive_5,emotion_responsive,P021,28,male,basic,low,tired,,0,0,2,0,0,0,0,0,0,0,0,0,0,0,0,0,0,0,0,0,2025-07-11T14:44:06.018633
P021_traditional_1,traditional,P021,28,male,basic,low,neutral,,0,0,0,0,0,0,0,0,0,0,0,0,0,0,0,0,0,0,0,0,2025-07-11T14:44:07.710168
P021_traditional_2,traditional,P021,28,male,basic,low,stressed,,0,0,0,0,0,0,0,0,0,0,0,0,0,0,0,0,0,0,0,0,2025-07-11T14:44:10.243004
P021_traditional_3,traditional,P021,28,male,basic,low,angry,,0,0,0,0,0,0,0,0,0,0,0,0,0,0,0,0,0,0,0,0,2025-07-11T14:44:12.458976
P021_traditional_4,traditional,P021,28,male,basic,low,neutral,,0,0,0,0,0,0,0,0,0,0,0,0,0,0,0,0,0,0,0,0,2025-07-11T14:44:13.571355
P021_traditional_5,traditional,P021,28,male,basic,low,sad,,0,1,0,0,0,0,0,0,0,0,0,0,0,0,0,0,0,0,0,0,2025-07-11T14:44:15.100768
P022_emotion_responsive_1,emotion_responsive,P022,24,female,intermediate,medium,neutral,,0,0,2,2,0,0,0,0,0,0,0,0,0,0,0,0,0,0,0,0,2025-07-11T14:44:16.897254
P022_emotion_responsive_2,emotion_responsive,P022,24,female,intermediate,medium,surprised,,0,0,2,1,0,0,0,0,0,0,0,0,0,0,0,0,0,0,0,0,2025-07-11T14:44:19.199124
P022_emotion_responsive_3,emotion_responsive,P022,24,female,intermediate,medium,tired,,0,0,2,1,0,0,0,0,0,0,0,0,0,0,0,0,0,0,0,0,2025-07-11T14:44:20.827272
P022_emotion_responsive_4,emotion_responsive,P022,24,female,intermediate,medium,angry,,0,0,2,1,0,0,0,0,0,0,0,0,0,0,0,0,0,0,0,0,2025-07-11T14:44:22.854375
P022_emotion_responsive_5,emotion_responsive,P022,24,female,intermediate,medium,sad,,0,0,2,0,0,0,0,0,0,0,0,0,0,0,0,0,0,0,0,0,2025-07-11T14:44:24.146788
P022_traditional_1,traditional,P022,24,female,intermediate,medium,happy,,0,0,0,0,0,0,0,0,0,0,0,0,0,0,0,0,0,0,0,0,2025-07-11T14:44:25.493099
P022_traditional_2,traditional,P022,24,female,intermediate,medium,neutral,,0,1,0,0,0,0,0,0,0,0,0,0,0,0,0,0,0,0,0,0,2025-07-11T14:44:28.355189
P022_traditional_3,traditional,P022,24,female,intermediate,medium,tired,,0,0,0,0,0,0,0,0,0,0,0,0,0,0,0,0,0,0,0,0,2025-07-11T14:44:29.851528
P022_traditional_4,traditional,P022,24,female,intermediate,medium,happy,,0,0,0,0,0,0,0,0,0,0,0,0,0,0,0,0,0,0,0,0,2025-07-11T14:44:32.275784
P022_traditional_5,traditional,P022,24,female,intermediate,medium,tired,,0,0,0,0,0,0,0,0,0,0,0,0,0,0,0,0,0,0,0,0,2025-07-11T14:44:35.247312
P023_emotion_responsive_1,emotion_responsive,P023,27,female,intermediate,medium,neutral,,0,0,2,2,0,0,0,0,0,0,0,0,0,0,0,0,0,0,0,0,2025-07-11T14:44:37.257828
P023_emotion_responsive_2,emotion_responsive,P023,27,female,intermediate,medium,happy,,0,0,2,2,0,0,0,0,0,0,0,0,0,0,0,0,0,0,0,0,2025-07-11T14:44:40.165794
P023_emotion_responsive_3,emotion_responsive,P023,27,female,intermediate,medium,surprised,,0,0,2,1,0,0,0,0,0,0,0,0,0,0,0,0,0,0,0,0,2025-07-11T14:44:42.329606
P023_emotion_responsive_4,emotion_responsive,P023,27,female,intermediate,medium,neutral,,0,0,2,1,0,0,0,0,0,0,0,0,0,0,0,0,0,0,0,0,2025-07-11T14:44:44.223102
P023_emotion_responsive_5,emotion_responsive,P023,27,female,intermediate,medium,tired,,0,0,2,2,0,0,0,0,0,0,0,0,0,0,0,0,0,0,0,0,2025-07-11T14:44:47.158553
P023_traditional_1,traditional,P023,27,female,intermediate,medium,happy,,0,0,0,0,0,0,0,0,0,0,0,0,0,0,0,0,0,0,0,0,2025-07-11T14:44:48.384033
P023_traditional_2,traditional,P023,27,female,intermediate,medium,surprised,,0,0,0,0,0,0,0,0,0,0,0,0,0,0,0,0,0,0,0,0,2025-07-11T14:44:49.721178
P023_traditional_3,traditional,P023,27,female,intermediate,medium,surprised,,1,0,0,0,0,0,0,0,0,0,0,0,0,0,0,0,0,0,0,0,2025-07-11T14:44:52.489200
P023_traditional_4,traditional,P023,27,female,intermediate,medium,stressed,,0,0,0,0,0,0,0,0,0,0,0,0,0,0,0,0,0,0,0,0,2025-07-11T14:44:54.057773
P023_traditional_5,traditional,P023,27,female,intermediate,medium,sad,,0,0,0,0,0,0,0,0,0,0,0,0,0,0,0,0,0,0,0,0,2025-07-11T14:44:55.506167
P024_emotion_responsive_1,emotion_responsive,P024,28,male,basic,low,stressed,,0,0,2,0,0,0,0,0,0,0,0,0,0,0,0,0,0,0,0,0,2025-07-11T14:44:58.267997
P024_emotion_responsive_2,emotion_responsive,P024,28,male,basic,low,surprised,,0,0,2,1,0,0,0,0,0,0,0,0,0,0,0,0,0,0,0,0,2025-07-11T14:44:59.930292
P024_emotion_responsive_3,emotion_responsive,P024,28,male,basic,low,tired,,0,0,2,1,0,0,0,0,0,0,0,0,0,0,0,0,0,0,0,0,2025-07-11T14:45:02.728314
P024_emotion_responsive_4,emotion_responsive,P024,28,male,basic,low,surprised,,0,0,2,2,0,0,0,0,0,0,0,0,0,0,0,0,0,0,0,0,2025-07-11T14:45:05.756506
P024_emotion_responsive_5,emotion_responsive,P024,28,male,basic,low,neutral,,0,0,2,1,0,0,0,0,0,0,0,0,0,0,0,0,0,0,0,0,2025-07-11T14:45:07.152814
P024_traditional_1,traditional,P024,28,male,basic,low,sad,,0,0,0,0,0,0,0,0,0,0,0,0,0,0,0,0,0,0,0,0,2025-07-11T14:45:08.215421
P024_traditional_2,traditional,P024,28,male,basic,low,sad,,0,0,0,0,0,0,0,0,0,0,0,0,0,0,0,0,0,0,0,0,2025-07-11T14:45:10.078044
P024_traditional_3,traditional,P024,28,male,basic,low,angry,,0,0,0,0,0,0,0,0,0,0,0,0,0,0,0,0,0,0,0,0,2025-07-11T14:45:13.043000
P024_traditional_4,traditional,P024,28,male,basic,low,stressed,,0,1,0,0,0,0,0,0,0,0,0,0,0,0,0,0,0,0,0,0,2025-07-11T14:45:14.790075
P024_traditional_5,traditional,P024,28,male,basic,low,neutral,,0,0,0,0,0,0,0,0,0,0,0,0,0,0,0,0,0,0,0,0,2025-07-11T14:45:17.715423
P025_emotion_responsive_1,emotion_responsive,P025,26,female,intermediate,medium,angry,,0,0,2,2,0,0,0,0,0,0,0,0,0,0,0,0,0,0,0,0,2025-07-11T14:45:20.149700
P025_emotion_responsive_2,emotion_responsive,P025,26,female,intermediate,medium,sad,,0,0,2,2,0,0,0,0,0,0,0,0,0,0,0,0,0,0,0,0,2025-07-11T14:45:22.561589
P025_emotion_responsive_3,emotion_responsive,P025,26,female,intermediate,medium,neutral,,0,0,2,2,0,0,0,0,0,0,0,0,0,0,0,0,0,0,0,0,2025-07-11T14:45:25.515746
P025_emotion_responsive_4,emotion_responsive,P025,26,female,intermediate,medium,surprised,,0,0,2,2,0,0,0,0,0,0,0,0,0,0,0,0,0,0,0,0,2025-07-11T14:45:28.170894
P025_emotion_responsive_5,emotion_responsive,P025,26,female,intermediate,medium,surprised,,0,0,2,1,0,0,0,0,0,0,0,0,0,0,0,0,0,0,0,0,2025-07-11T14:45:29.490995
P025_traditional_1,traditional,P025,26,female,intermediate,medium,surprised,,0,0,0,0,0,0,0,0,0,0,0,0,0,0,0,0,0,0,0,0,2025-07-11T14:45:31.156484
P025_traditional_2,traditional,P025,26,female,intermediate,medium,sad,,0,0,0,0,0,0,0,0,0,0,0,0,0,0,0,0,0,0,0,0,2025-07-11T14:45:32.462829
P025_traditional_3,traditional,P025,26,female,intermediate,medium,sad,,0,0,0,0,0,0,0,0,0,0,0,0,0,0,0,0,0,0,0,0,2025-07-11T14:45:34.287485
P025_traditional_4,traditional,P025,26,female,intermediate,medium,neutral,,0,0,0,0,0,0,0,0,0,0,0,0,0,0,0,0,0,0,0,0,2025-07-11T14:45:35.340156
P025_traditional_5,traditional,P025,26,female,intermediate,medium,surprised,,0,0,0,0,0,0,0,0,0,0,0,0,0,0,0,0,0,0,0,0,2025-07-11T14:45:38.053039
P026_emotion_responsive_1,emotion_responsive,P026,23,male,basic,low,neutral,,0,0,2,1,0,0,0,0,0,0,0,0,0,0,0,0,0,0,0,0,2025-07-11T14:45:40.121336
P026_emotion_responsive_2,emotion_responsive,P026,23,male,basic,low,neutral,,0,0,2,2,0,0,0,0,0,0,0,0,0,0,0,0,0,0,0,0,2025-07-11T14:45:42.723663
P026_emotion_responsive_3,emotion_responsive,P026,23,male,basic,low,happy,,0,0,2,0,0,0,0,0,0,0,0,0,0,0,0,0,0,0,0,0,2025-07-11T14:45:44.981371
P026_emotion_responsive_4,emotion_responsive,P026,23,male,basic,low,angry,,0,0,2,1,0,0,0,0,0,0,0,0,0,0,0,0,0,0,0,0,2025-07-11T14:45:46.747466
P026_emotion_responsive_5,emotion_responsive,P026,23,male,basic,low,stressed,,0,0,2,1,0,0,0,0,0,0,0,0,0,0,0,0,0,0,0,0,2025-07-11T14:45:48.828366
P026_traditional_1,traditional,P026,23,male,basic,low,happy,,0,0,0,0,0,0,0,0,0,0,0,0,0,0,0,0,0,0,0,0,2025-07-11T14:45:50.582883
P026_traditional_2,traditional,P026,23,male,basic,low,tired,,0,0,0,0,0,0,0,0,0,0,0,0,0,0,0,0,0,0,0,0,2025-07-11T14:45:52.930697
P026_traditional_3,traditional,P026,23,male,basic,low,neutral,,0,0,0,0,0,0,0,0,0,0,0,0,0,0,0,0,0,0,0,0,2025-07-11T14:45:54.449177
P026_traditional_4,traditional,P026,23,male,basic,low,surprised,,0,0,0,0,0,0,0,0,0,0,0,0,0,0,0,0,0,0,0,0,2025-07-11T14:45:56.986269
P026_traditional_5,traditional,P026,23,male,basic,low,angry,,0,0,0,0,0,0,0,0,0,0,0,0,0,0,0,0,0,0,0,0,2025-07-11T14:45:58.277132
P027_emotion_responsive_1,emotion_responsive,P027,30,male,advanced,high,stressed,,0,0,2,1,0,0,0,0,0,0,0,0,0,0,0,0,0,0,0,0,2025-07-11T14:45:59.621975
P027_emotion_responsive_2,emotion_responsive,P027,30,male,advanced,high,happy,,0,0,2,1,0,0,0,0,0,0,0,0,0,0,0,0,0,0,0,0,2025-07-11T14:46:02.391761
P027_emotion_responsive_3,emotion_responsive,P027,30,male,advanced,high,angry,,0,0,2,1,0,0,0,0,0,0,0,0,0,0,0,0,0,0,0,0,2025-07-11T14:46:04.972335
P027_emotion_responsive_4,emotion_responsive,P027,30,male,advanced,high,stressed,,0,0,2,2,0,0,0,0,0,0,0,0,0,0,0,0,0,0,0,0,2025-07-11T14:46:07.225544
P027_emotion_responsive_5,emotion_responsive,P027,30,male,advanced,high,surprised,,0,0,2,0,0,0,0,0,0,0,0,0,0,0,0,0,0,0,0,0,2025-07-11T14:46:09.148894
P027_traditional_1,traditional,P027,30,male,advanced,high,angry,,0,0,0,0,0,0,0,0,0,0,0,0,0,0,0,0,0,0,0,0,2025-07-11T14:46:11.962493
P027_traditional_2,traditional,P027,30,male,advanced,high,sad,,1,1,0,0,0,0,0,0,0,0,0,0,0,0,0,0,0,0,0,0,2025-07-11T14:46:13.374672
P027_traditional_3,traditional,P027,30,male,advanced,high,angry,,0,0,0,0,0,0,0,0,0,0,0,0,0,0,0,0,0,0,0,0,2025-07-11T14:46:15.496779
P027_traditional_4,traditional,P027,30,male,advanced,high,tired,,0,0,0,0,0,0,0,0,0,0,0,0,0,0,0,0,0,0,0,0,2025-07-11T14:46:17.266233
P027_traditional_5,traditional,P027,30,male,advanced,high,tired,,0,1,0,0,0,0,0,0,0,0,0,0,0,0,0,0,0,0,0,0,2025-07-11T14:46:18.452123
P028_emotion_responsive_1,emotion_responsive,P028,24,female,intermediate,medium,angry,,0,0,2,1,0,0,0,0,0,0,0,0,0,0,0,0,0,0,0,0,2025-07-11T14:46:21.103656
P028_emotion_responsive_2,emotion_responsive,P028,24,female,intermediate,medium,angry,,0,0,2,0,0,0,0,0,0,0,0,0,0,0,0,0,0,0,0,0,2025-07-11T14:46:22.221713
P028_emotion_responsive_3,emotion_responsive,P028,24,female,intermediate,medium,stressed,,0,0,2,1,0,0,0,0,0,0,0,0,0,0,0,0,0,0,0,0,2025-07-11T14:46:24.371923
P028_emotion_responsive_4,emotion_responsive,P028,24,female,intermediate,medium,stressed,,0,0,2,1,0,0,0,0,0,0,0,0,0,0,0,0,0,0,0,0,2025-07-11T14:46:25.428632
P028_emotion_responsive_5,emotion_responsive,P028,24,female,intermediate,medium,neutral,,0,0,2,0,0,0,0,0,0,0,0,0,0,0,0,0,0,0,0,0,2025-07-11T14:46:27.711491
P028_traditional_1,traditional,P028,24,female,intermediate,medium,stressed,,0,0,0,0,0,0,0,0,0,0,0,0,0,0,0,0,0,0,0,0,2025-07-11T14:46:29.198257
P028_traditional_2,traditional,P028,24,female,intermediate,medium,happy,,0,0,0,0,0,0,0,0,0,0,0,0,0,0,0,0,0,0,0,0,2025-07-11T14:46:30.664928
P028_traditional_3,traditional,P028,24,female,intermediate,medium,tired,,0,0,0,0,0,0,0,0,0,0,0,0,0,0,0,0,0,0,0,0,2025-07-11T14:46:32.526471
P028_traditional_4,traditional,P028,24,female,intermediate,medium,tired,,0,0,0,0,0,0,0,0,0,0,0,0,0,0,0,0,0,0,0,0,2025-07-11T14:46:35.286568
P028_traditional_5,traditional,P028,24,female,intermediate,medium,angry,,0,0,0,0,0,0,0,0,0,0,0,0,0,0,0,0,0,0,0,0,2025-07-11T14:46:36.560599
P029_emotion_responsive_1,emotion_responsive,P029,23,male,basic,low,tired,,0,0,2,1,0,0,0,0,0,0,0,0,0,0,0,0,0,0,0,0,2025-07-11T14:46:38.032552
P029_emotion_responsive_2,emotion_responsive,P029,23,male,basic,low,tired,,0,0,2,2,0,0,0,0,0,0,0,0,0,0,0,0,0,0,0,0,2025-07-11T14:46:40.717844
P029_emotion_responsive_3,emotion_responsive,P029,23,male,basic,low,surprised,,0,0,2,2,0,0,0,0,0,0,0,0,0,0,0,0,0,0,0,0,2025-07-11T14:46:42.397425
P029_emotion_responsive_4,emotion_responsive,P029,23,male,basic,low,neutral,,0,0,2,0,0,0,0,0,0,0,0,0,0,0,0,0,0,0,0,0,2025-07-11T14:46:43.822683
P029_emotion_responsive_5,emotion_responsive,P029,23,male,basic,low,neutral,,0,0,2,1,0,0,0,0,0,0,0,0,0,0,0,0,0,0,0,0,2025-07-11T14:46:46.761809
P029_traditional_1,traditional,P029,23,male,basic,low,angry,,0,0,0,0,0,0,0,0,0,0,0,0,0,0,0,0,0,0,0,0,2025-07-11T14:46:49.172914
P029_traditional_2,traditional,P029,23,male,basic,low,sad,,0,0,0,0,0,0,0,0,0,0,0,0,0,0,0,0,0,0,0,0,2025-07-11T14:46:51.464349
P029_traditional_3,traditional,P029,23,male,basic,low,stressed,,0,0,0,0,0,0,0,0,0,0,0,0,0,0,0,0,0,0,0,0,2025-07-11T14:46:54.445902
P029_traditional_4,traditional,P029,23,male,basic,low,stressed,,0,0,0,0,0,0,0,0,0,0,0,0,0,0,0,0,0,0,0,0,2025-07-11T14:46:56.014513
P029_traditional_5,traditional,P029,23,male,basic,low,sad,,0,0,0,0,0,0,0,0,0,0,0,0,0,0,0,0,0,0,0,0,2025-07-11T14:46:57.753518
P030_emotion_responsive_1,emotion_responsive,P030,26,female,intermediate,medium,neutral,,0,0,2,2,0,0,0,0,0,0,0,0,0,0,0,0,0,0,0,0,2025-07-11T14:46:58.831781
P030_emotion_responsive_2,emotion_responsive,P030,26,female,intermediate,medium,happy,,0,0,2,2,0,0,0,0,0,0,0,0,0,0,0,0,0,0,0,0,2025-07-11T14:47:00.934239
P030_emotion_responsive_3,emotion_responsive,P030,26,female,intermediate,medium,surprised,,0,0,2,1,0,0,0,0,0,0,0,0,0,0,0,0,0,0,0,0,2025-07-11T14:47:03.203119
P030_emotion_responsive_4,emotion_responsive,P030,26,female,intermediate,medium,sad,,0,0,2,1,0,0,0,0,0,0,0,0,0,0,0,0,0,0,0,0,2025-07-11T14:47:04.391601
P030_emotion_responsive_5,emotion_responsive,P030,26,female,intermediate,medium,happy,,0,0,2,1,0,0,0,0,0,0,0,0,0,0,0,0,0,0,0,0,2025-07-11T14:47:06.921591
P030_traditional_1,traditional,P030,26,female,intermediate,medium,happy,,0,0,0,0,0,0,0,0,0,0,0,0,0,0,0,0,0,0,0,0,2025-07-11T14:47:08.351329
P030_traditional_2,traditional,P030,26,female,intermediate,medium,tired,,0,0,0,0,0,0,0,0,0,0,0,0,0,0,0,0,0,0,0,0,2025-07-11T14:47:09.976893
P030_traditional_3,traditional,P030,26,female,intermediate,medium,tired,,0,0,0,0,0,0,0,0,0,0,0,0,0,0,0,0,0,0,0,0,2025-07-11T14:47:11.496907
P030_traditional_4,traditional,P030,26,female,intermediate,medium,happy,,0,0,0,0,0,0,0,0,0,0,0,0,0,0,0,0,0,0,0,0,2025-07-11T14:47:13.421882
P030_traditional_5,traditional,P030,26,female,intermediate,medium,tired,,0,0,0,0,0,0,0,0,0,0,0,0,0,0,0,0,0,0,0,0,2025-07-11T14:47:16.338787
P031_emotion_responsive_1,emotion_responsive,P031,28,male,basic,low,stressed,,0,0,2,2,0,0,0,0,0,0,0,0,0,0,0,0,0,0,0,0,2025-07-11T14:47:18.450550
P031_emotion_responsive_2,emotion_responsive,P031,28,male,basic,low,happy,,0,0,2,0,0,0,0,0,0,0,0,0,0,0,0,0,0,0,0,0,2025-07-11T14:47:20.088744
P031_emotion_responsive_3,emotion_responsive,P031,28,male,basic,low,angry,,0,0,2,1,0,0,0,0,0,0,0,0,0,0,0,0,0,0,0,0,2025-07-11T14:47:21.737107
P031_emotion_responsive_4,emotion_responsive,P031,28,male,basic,low,neutral,,0,0,2,1,0,0,0,0,0,0,0,0,0,0,0,0,0,0,0,0,2025-07-11T14:47:23.923260
P031_emotion_responsive_5,emotion_responsive,P031,28,male,basic,low,neutral,,0,0,2,0,0,0,0,0,0,0,0,0,0,0,0,0,0,0,0,0,2025-07-11T14:47:25.173010
P031_traditional_1,traditional,P031,28,male,basic,low,angry,,0,0,0,0,0,0,0,0,0,0,0,0,0,0,0,0,0,0,0,0,2025-07-11T14:47:27.949197
P031_traditional_2,traditional,P031,28,male,basic,low,surprised,,0,0,0,0,0,0,0,0,0,0,0,0,0,0,0,0,0,0,0,0,2025-07-11T14:47:29.506534
P031_traditional_3,traditional,P031,28,male,basic,low,neutral,,1,0,0,0,0,0,0,0,0,0,0,0,0,0,0,0,0,0,0,0,2025-07-11T14:47:31.577743
P031_traditional_4,traditional,P031,28,male,basic,low,stressed,,0,0,0,0,0,0,0,0,0,0,0,0,0,0,0,0,0,0,0,0,2025-07-11T14:47:32.604265
P031_traditional_5,traditional,P031,28,male,basic,low,tired,,0,0,0,0,0,0,0,0,0,0,0,0,0,0,0,0,0,0,0,0,2025-07-11T14:47:35.324274
P032_emotion_responsive_1,emotion_responsive,P032,23,male,basic,low,sad,,0,0,2,0,0,0,0,0,0,0,0,0,0,0,0,0,0,0,0,0,2025-07-11T14:47:37.036986
P032_emotion_responsive_2,emotion_responsive,P032,23,male,basic,low,angry,,0,0,2,0,0,0,0,0,0,0,0,0,0,0,0,0,0,0,0,0,2025-07-11T14:47:39.994105
P032_emotion_responsive_3,emotion_responsive,P032,23,male,basic,low,sad,,0,0,2,1,0,0,0,0,0,0,0,0,0,0,0,0,0,0,0,0,2025-07-11T14:47:41.976996
P032_emotion_responsive_4,emotion_responsive,P032,23,male,basic,low,sad,,0,0,2,1,0,0,0,0,0,0,0,0,0,0,0,0,0,0,0,0,2025-07-11T14:47:44.073768
P032_emotion_responsive_5,emotion_responsive,P032,23,male,basic,low,surprised,,0,0,2,1,0,0,0,0,0,0,0,0,0,0,0,0,0,0,0,0,2025-07-11T14:47:45.435089
P032_traditional_1,traditional,P032,23,male,basic,low,stressed,,0,0,0,0,0,0,0,0,0,0,0,0,0,0,0,0,0,0,0,0,2025-07-11T14:47:47.603534
P032_traditional_2,traditional,P032,23,male,basic,low,stressed,,0,0,0,0,0,0,0,0,0,0,0,0,0,0,0,0,0,0,0,0,2025-07-11T14:47:50.111065
P032_traditional_3,traditional,P032,23,male,basic,low,angry,,0,0,0,0,0,0,0,0,0,0,0,0,0,0,0,0,0,0,0,0,2025-07-11T14:47:51.469787
P032_traditional_4,traditional,P032,23,male,basic,low,neutral,,0,0,0,0,0,0,0,0,0,0,0,0,0,0,0,0,0,0,0,0,2025-07-11T14:47:53.834863
P032_traditional_5,traditional,P032,23,male,basic,low,happy,,0,0,0,0,0,0,0,0,0,0,0,0,0,0,0,0,0,0,0,0,2025-07-11T14:47:54.852899
P033_emotion_responsive_1,emotion_responsive,P033,27,female,intermediate,medium,happy,,0,0,2,2,0,0,0,0,0,0,0,0,0,0,0,0,0,0,0,0,2025-07-11T14:47:56.393048
P033_emotion_responsive_2,emotion_responsive,P033,27,female,intermediate,medium,surprised,,0,0,2,0,0,0,0,0,0,0,0,0,0,0,0,0,0,0,0,0,2025-07-11T14:47:58.608608
P033_emotion_responsive_3,emotion_responsive,P033,27,female,intermediate,medium,tired,,0,0,2,1,0,0,0,0,0,0,0,0,0,0,0,0,0,0,0,0,2025-07-11T14:48:00.926065
P033_emotion_responsive_4,emotion_responsive,P033,27,female,intermediate,medium,happy,,0,0,2,1,0,0,0,0,0,0,0,0,0,0,0,0,0,0,0,0,2025-07-11T14:48:03.863191
P033_emotion_responsive_5,emotion_responsive,P033,27,female,intermediate,medium,angry,,0,0,2,2,0,0,0,0,0,0,0,0,0,0,0,0,0,0,0,0,2025-07-11T14:48:06.835435
P033_traditional_1,traditional,P033,27,female,intermediate,medium,angry,,1,0,0,0,0,0,0,0,0,0,0,0,0,0,0,0,0,0,0,0,2025-07-11T14:48:08.096826
P033_traditional_2,traditional,P033,27,female,intermediate,medium,sad,,1,1,0,0,0,0,0,0,0,0,0,0,0,0,0,0,0,0,0,0,2025-07-11T14:48:09.669297
P033_traditional_3,traditional,P033,27,female,intermediate,medium,stressed,,0,0,0,0,0,0,0,0,0,0,0,0,0,0,0,0,0,0,0,0,2025-07-11T14:48:12.028611
P033_traditional_4,traditional,P033,27,female,intermediate,medium,tired,,0,1,0,0,0,0,0,0,0,0,0,0,0,0,0,0,0,0,0,0,2025-07-11T14:48:13.453445
P033_traditional_5,traditional,P033,27,female,intermediate,medium,happy,,0,0,0,0,0,0,0,0,0,0,0,0,0,0,0,0,0,0,0,0,2025-07-11T14:48:15.016598
P034_emotion_responsive_1,emotion_responsive,P034,30,male,advanced,high,sad,,0,0,2,0,0,0,0,0,0,0,0,0,0,0,0,0,0,0,0,0,2025-07-11T14:48:17.552353
P034_emotion_responsive_2,emotion_responsive,P034,30,male,advanced,high,stressed,,0,0,2,2,0,0,0,0,0,0,0,0,0,0,0,0,0,0,0,0,2025-07-11T14:48:19.328848
P034_emotion_responsive_3,emotion_responsive,P034,30,male,advanced,high,happy,,0,0,2,1,0,0,0,0,0,0,0,0,0,0,0,0,0,0,0,0,2025-07-11T14:48:21.392067
P034_emotion_responsive_4,emotion_responsive,P034,30,male,advanced,high,surprised,,0,0,2,1,0,0,0,0,0,0,0,0,0,0,0,0,0,0,0,0,2025-07-11T14:48:23.482768
P034_emotion_responsive_5,emotion_responsive,P034,30,male,advanced,high,sad,,0,0,2,1,0,0,0,0,0,0,0,0,0,0,0,0,0,0,0,0,2025-07-11T14:48:25.239479
P034_traditional_1,traditional,P034,30,male,advanced,high,sad,,0,0,0,0,0,0,0,0,0,0,0,0,0,0,0,0,0,0,0,0,2025-07-11T14:48:27.542260
P034_traditional_2,traditional,P034,30,male,advanced,high,happy,,0,1,0,0,0,0,0,0,0,0,0,0,0,0,0,0,0,0,0,0,2025-07-11T14:48:29.503252
P034_traditional_3,traditional,P034,30,male,advanced,high,angry,,0,0,0,0,0,0,0,0,0,0,0,0,0,0,0,0,0,0,0,0,2025-07-11T14:48:31.575816
P034_traditional_4,traditional,P034,30,male,advanced,high,tired,,0,0,0,0,0,0,0,0,0,0,0,0,0,0,0,0,0,0,0,0,2025-07-11T14:48:32.967342
P034_traditional_5,traditional,P034,30,male,advanced,high,tired,,0,0,0,0,0,0,0,0,0,0,0,0,0,0,0,0,0,0,0,0,2025-07-11T14:48:35.678067
P035_emotion_responsive_1,emotion_responsive,P035,24,female,intermediate,medium,surprised,,0,0,2,1,0,0,0,0,0,0,0,0,0,0,0,0,0,0,0,0,2025-07-11T14:48:36.968145
P035_emotion_responsive_2,emotion_responsive,P035,24,female,intermediate,medium,surprised,,0,0,2,2,0,0,0,0,0,0,0,0,0,0,0,0,0,0,0,0,2025-07-11T14:48:39.962673
P035_emotion_responsive_3,emotion_responsive,P035,24,female,intermediate,medium,happy,,0,0,2,2,0,0,0,0,0,0,0,0,0,0,0,0,0,0,0,0,2025-07-11T14:48:41.324125
P035_emotion_responsive_4,emotion_responsive,P035,24,female,intermediate,medium,neutral,,0,0,2,2,0,0,0,0,0,0,0,0,0,0,0,0,0,0,0,0,2025-07-11T14:48:43.578425
P035_emotion_responsive_5,emotion_responsive,P035,24,female,intermediate,medium,happy,,0,0,2,1,0,0,0,0,0,0,0,0,0,0,0,0,0,0,0,0,2025-07-11T14:48:45.320119
P035_traditional_1,traditional,P035,24,female,intermediate,medium,sad,,0,0,0,0,0,0,0,0,0,0,0,0,0,0,0,0,0,0,0,0,2025-07-11T14:48:46.387009
P035_traditional_2,traditional,P035,24,female,intermediate,medium,surprised,,0,0,0,0,0,0,0,0,0,0,0,0,0,0,0,0,0,0,0,0,2025-07-11T14:48:49.042880
P035_traditional_3,traditional,P035,24,female,intermediate,medium,angry,,0,0,0,0,0,0,0,0,0,0,0,0,0,0,0,0,0,0,0,0,2025-07-11T14:48:50.417430
P035_traditional_4,traditional,P035,24,female,intermediate,medium,angry,,1,0,0,0,0,0,0,0,0,0,0,0,0,0,0,0,0,0,0,0,2025-07-11T14:48:53.206256
P035_traditional_5,traditional,P035,24,female,intermediate,medium,surprised,,1,1,0,0,0,0,0,0,0,0,0,0,0,0,0,0,0,0,0,0,2025-07-11T14:48:54.256984
P036_emotion_responsive_1,emotion_responsive,P036,28,male,basic,low,stressed,,0,0,2,2,0,0,0,0,0,0,0,0,0,0,0,0,0,0,0,0,2025-07-11T14:48:56.078523
P036_emotion_responsive_2,emotion_responsive,P036,28,male,basic,low,tired,,0,0,2,1,0,0,0,0,0,0,0,0,0,0,0,0,0,0,0,0,2025-07-11T14:48:57.573029
P036_emotion_responsive_3,emotion_responsive,P036,28,male,basic,low,happy,,0,0,2,2,0,0,0,0,0,0,0,0,0,0,0,0,0,0,0,0,2025-07-11T14:49:00.554613
P036_emotion_responsive_4,emotion_responsive,P036,28,male,basic,low,angry,,0,0,2,1,0,0,0,0,0,0,0,0,0,0,0,0,0,0,0,0,2025-07-11T14:49:02.699013
P036_emotion_responsive_5,emotion_responsive,P036,28,male,basic,low,tired,,0,0,2,1,0,0,0,0,0,0,0,0,0,0,0,0,0,0,0,0,2025-07-11T14:49:04.579005
P036_traditional_1,traditional,P036,28,male,basic,low,neutral,,0,0,0,0,0,0,0,0,0,0,0,0,0,0,0,0,0,0,0,0,2025-07-11T14:49:07.509541
P036_traditional_2,traditional,P036,28,male,basic,low,sad,,0,0,0,0,0,0,0,0,0,0,0,0,0,0,0,0,0,0,0,0,2025-07-11T14:49:09.010281
P036_traditional_3,traditional,P036,28,male,basic,low,happy,,0,0,0,0,0,0,0,0,0,0,0,0,0,0,0,0,0,0,0,0,2025-07-11T14:49:10.628240
P036_traditional_4,traditional,P036,28,male,basic,low,happy,,0,1,0,0,0,0,0,0,0,0,0,0,0,0,0,0,0,0,0,0,2025-07-11T14:49:13.071293
P036_traditional_5,traditional,P036,28,male,basic,low,sad,,0,0,0,0,0,0,0,0,0,0,0,0,0,0,0,0,0,0,0,0,2025-07-11T14:49:15.922531
P037_emotion_responsive_1,emotion_responsive,P037,27,female,intermediate,medium,tired,,0,0,2,1,0,0,0,0,0,0,0,0,0,0,0,0,0,0,0,0,2025-07-11T14:49:18.256499
P037_emotion_responsive_2,emotion_responsive,P037,27,female,intermediate,medium,sad,,0,0,2,2,0,0,0,0,0,0,0,0,0,0,0,0,0,0,0,0,2025-07-11T14:49:20.682806
P037_emotion_responsive_3,emotion_responsive,P037,27,female,intermediate,medium,surprised,,0,0,2,1,0,0,0,0,0,0,0,0,0,0,0,0,0,0,0,0,2025-07-11T14:49:22.076920
P037_emotion_responsive_4,emotion_responsive,P037,27,female,intermediate,medium,tired,,0,0,2,0,0,0,0,0,0,0,0,0,0,0,0,0,0,0,0,0,2025-07-11T14:49:24.306452
P037_emotion_responsive_5,emotion_responsive,P037,27,female,intermediate,medium,angry,,0,0,2,2,0,0,0,0,0,0,0,0,0,0,0,0,0,0,0,0,2025-07-11T14:49:26.672840
P037_traditional_1,traditional,P037,27,female,intermediate,medium,tired,,0,0,0,0,0,0,0,0,0,0,0,0,0,0,0,0,0,0,0,0,2025-07-11T14:49:28.186616
P037_traditional_2,traditional,P037,27,female,intermediate,medium,happy,,0,0,0,0,0,0,0,0,0,0,0,0,0,0,0,0,0,0,0,0,2025-07-11T14:49:30.498445
P037_traditional_3,traditional,P037,27,female,intermediate,medium,angry,,0,1,0,0,0,0,0,0,0,0,0,0,0,0,0,0,0,0,0,0,2025-07-11T14:49:32.029364
P037_traditional_4,traditional,P037,27,female,intermediate,medium,happy,,0,0,0,0,0,0,0,0,0,0,0,0,0,0,0,0,0,0,0,0,2025-07-11T14:49:33.464461
P037_traditional_5,traditional,P037,27,female,intermediate,medium,surprised,,1,0,0,0,0,0,0,0,0,0,0,0,0,0,0,0,0,0,0,0,2025-07-11T14:49:34.603559
P038_emotion_responsive_1,emotion_responsive,P038,23,male,basic,low,surprised,,0,0,2,1,0,0,0,0,0,0,0,0,0,0,0,0,0,0,0,0,2025-07-11T14:49:35.959081
P038_emotion_responsive_2,emotion_responsive,P038,23,male,basic,low,sad,,0,0,2,1,0,0,0,0,0,0,0,0,0,0,0,0,0,0,0,0,2025-07-11T14:49:38.808307
P038_emotion_responsive_3,emotion_responsive,P038,23,male,basic,low,surprised,,0,0,2,1,0,0,0,0,0,0,0,0,0,0,0,0,0,0,0,0,2025-07-11T14:49:40.981630
P038_emotion_responsive_4,emotion_responsive,P038,23,male,basic,low,tired,,0,0,2,0,0,0,0,0,0,0,0,0,0,0,0,0,0,0,0,0,2025-07-11T14:49:42.740372
P038_emotion_responsive_5,emotion_responsive,P038,23,male,basic,low,stressed,,0,0,2,1,0,0,0,0,0,0,0,0,0,0,0,0,0,0,0,0,2025-07-11T14:49:45.143560
P038_traditional_1,traditional,P038,23,male,basic,low,sad,,0,1,0,0,0,0,0,0,0,0,0,0,0,0,0,0,0,0,0,0,2025-07-11T14:49:47.765850
P038_traditional_2,traditional,P038,23,male,basic,low,happy,,0,1,0,0,0,0,0,0,0,0,0,0,0,0,0,0,0,0,0,0,2025-07-11T14:49:50.500998
P038_traditional_3,traditional,P038,23,male,basic,low,surprised,,0,0,0,0,0,0,0,0,0,0,0,0,0,0,0,0,0,0,0,0,2025-07-11T14:49:52.328171
P038_traditional_4,traditional,P038,23,male,basic,low,happy,,0,0,0,0,0,0,0,0,0,0,0,0,0,0,0,0,0,0,0,0,2025-07-11T14:49:54.538672
P038_traditional_5,traditional,P038,23,male,basic,low,stressed,,0,0,0,0,0,0,0,0,0,0,0,0,0,0,0,0,0,0,0,0,2025-07-11T14:49:56.023698
P039_emotion_responsive_1,emotion_responsive,P039,30,male,advanced,high,tired,,0,0,2,1,0,0,0,0,0,0,0,0,0,0,0,0,0,0,0,0,2025-07-11T14:49:58.764238
P039_emotion_responsive_2,emotion_responsive,P039,30,male,advanced,high,angry,,0,0,2,2,0,0,0,0,0,0,0,0,0,0,0,0,0,0,0,0,2025-07-11T14:50:01.100099
P039_emotion_responsive_3,emotion_responsive,P039,30,male,advanced,high,neutral,,0,0,2,0,0,0,0,0,0,0,0,0,0,0,0,0,0,0,0,0,2025-07-11T14:50:03.047095
P039_emotion_responsive_4,emotion_responsive,P039,30,male,advanced,high,sad,,0,0,2,2,0,0,0,0,0,0,0,0,0,0,0,0,0,0,0,0,2025-07-11T14:50:06.047021
P039_emotion_responsive_5,emotion_responsive,P039,30,male,advanced,high,stressed,,0,0,2,0,0,0,0,0,0,0,0,0,0,0,0,0,0,0,0,0,2025-07-11T14:50:08.929073
P039_traditional_1,traditional,P039,30,male,advanced,high,angry,,0,0,0,0,0,0,0,0,0,0,0,0,0,0,0,0,0,0,0,0,2025-07-11T14:50:11.134565
P039_traditional_2,traditional,P039,30,male,advanced,high,angry,,0,0,0,0,0,0,0,0,0,0,0,0,0,0,0,0,0,0,0,0,2025-07-11T14:50:13.373348
P039_traditional_3,traditional,P039,30,male,advanced,high,angry,,0,0,0,0,0,0,0,0,0,0,0,0,0,0,0,0,0,0,0,0,2025-07-11T14:50:14.429614
P039_traditional_4,traditional,P039,30,male,advanced,high,neutral,,0,0,0,0,0,0,0,0,0,0,0,0,0,0,0,0,0,0,0,0,2025-07-11T14:50:16.180337
P039_traditional_5,traditional,P039,30,male,advanced,high,surprised,,0,0,0,0,0,0,0,0,0,0,0,0,0,0,0,0,0,0,0,0,2025-07-11T14:50:18.768025
P040_emotion_responsive_1,emotion_responsive,P040,28,male,basic,low,neutral,,0,0,2,1,0,0,0,0,0,0,0,0,0,0,0,0,0,0,0,0,2025-07-11T14:50:20.869719
P040_emotion_responsive_2,emotion_responsive,P040,28,male,basic,low,tired,,0,0,2,0,0,0,0,0,0,0,0,0,0,0,0,0,0,0,0,0,2025-07-11T14:50:21.942824
P040_emotion_responsive_3,emotion_responsive,P040,28,male,basic,low,happy,,0,0,2,0,0,0,0,0,0,0,0,0,0,0,0,0,0,0,0,0,2025-07-11T14:50:23.448053
P040_emotion_responsive_4,emotion_responsive,P040,28,male,basic,low,angry,,0,0,2,1,0,0,0,0,0,0,0,0,0,0,0,0,0,0,0,0,2025-07-11T14:50:24.634075
P040_emotion_responsive_5,emotion_responsive,P040,28,male,basic,low,stressed,,0,0,2,1,0,0,0,0,0,0,0,0,0,0,0,0,0,0,0,0,2025-07-11T14:50:27.212255
P040_traditional_1,traditional,P040,28,male,basic,low,sad,,0,0,0,0,0,0,0,0,0,0,0,0,0,0,0,0,0,0,0,0,2025-07-11T14:50:28.714248
P040_traditional_2,traditional,P040,28,male,basic,low,happy,,0,0,0,0,0,0,0,0,0,0,0,0,0,0,0,0,0,0,0,0,2025-07-11T14:50:31.646806
P040_traditional_3,traditional,P040,28,male,basic,low,tired,,0,0,0,0,0,0,0,0,0,0,0,0,0,0,0,0,0,0,0,0,2025-07-11T14:50:34.014194
P040_traditional_4,traditional,P040,28,male,basic,low,angry,,0,0,0,0,0,0,0,0,0,0,0,0,0,0,0,0,0,0,0,0,2025-07-11T14:50:36.108547
P040_traditional_5,traditional,P040,28,male,basic,low,neutral,,0,0,0,0,0,0,0,0,0,0,0,0,0,0,0,0,0,0,0,0,2025-07-11T14:50:37.979913
P041_emotion_responsive_1,emotion_responsive,P041,24,female,intermediate,medium,happy,,0,0,2,0,0,0,0,0,0,0,0,0,0,0,0,0,0,0,0,0,2025-07-11T14:50:39.016596
P041_emotion_responsive_2,emotion_responsive,P041,24,female,intermediate,medium,angry,,0,0,2,1,0,0,0,0,0,0,0,0,0,0,0,0,0,0,0,0,2025-07-11T14:50:41.291254
P041_emotion_responsive_3,emotion_responsive,P041,24,female,intermediate,medium,happy,,0,0,2,1,0,0,0,0,0,0,0,0,0,0,0,0,0,0,0,0,2025-07-11T14:50:43.682810
P041_emotion_responsive_4,emotion_responsive,P041,24,female,intermediate,medium,tired,,0,0,2,0,0,0,0,0,0,0,0,0,0,0,0,0,0,0,0,0,2025-07-11T14:50:45.847435
P041_emotion_responsive_5,emotion_responsive,P041,24,female,intermediate,medium,happy,,0,0,2,0,0,0,0,0,0,0,0,0,0,0,0,0,0,0,0,0,2025-07-11T14:50:48.653427
P041_traditional_1,traditional,P041,24,female,intermediate,medium,stressed,,0,1,0,0,0,0,0,0,0,0,0,0,0,0,0,0,0,0,0,0,2025-07-11T14:50:50.468023
P041_traditional_2,traditional,P041,24,female,intermediate,medium,angry,,0,0,0,0,0,0,0,0,0,0,0,0,0,0,0,0,0,0,0,0,2025-07-11T14:50:52.500905
P041_traditional_3,traditional,P041,24,female,intermediate,medium,surprised,,0,1,0,0,0,0,0,0,0,0,0,0,0,0,0,0,0,0,0,0,2025-07-11T14:50:53.779999
P041_traditional_4,traditional,P041,24,female,intermediate,medium,happy,,0,1,0,0,0,0,0,0,0,0,0,0,0,0,0,0,0,0,0,0,2025-07-11T14:50:55.551497
P041_traditional_5,traditional,P041,24,female,intermediate,medium,stressed,,0,0,0,0,0,0,0,0,0,0,0,0,0,0,0,0,0,0,0,0,2025-07-11T14:50:58.532522
P042_emotion_responsive_1,emotion_responsive,P042,27,female,intermediate,medium,neutral,,0,0,2,2,0,0,0,0,0,0,0,0,0,0,0,0,0,0,0,0,2025-07-11T14:51:01.380652
P042_emotion_responsive_2,emotion_responsive,P042,27,female,intermediate,medium,stressed,,0,0,2,1,0,0,0,0,0,0,0,0,0,0,0,0,0,0,0,0,2025-07-11T14:51:03.091320
P042_emotion_responsive_3,emotion_responsive,P042,27,female,intermediate,medium,stressed,,0,0,2,0,0,0,0,0,0,0,0,0,0,0,0,0,0,0,0,0,2025-07-11T14:51:04.265499
P042_emotion_responsive_4,emotion_responsive,P042,27,female,intermediate,medium,surprised,,0,0,2,2,0,0,0,0,0,0,0,0,0,0,0,0,0,0,0,0,2025-07-11T14:51:07.069112
P042_emotion_responsive_5,emotion_responsive,P042,27,female,intermediate,medium,stressed,,0,0,2,2,0,0,0,0,0,0,0,0,0,0,0,0,0,0,0,0,2025-07-11T14:51:09.307968
P042_traditional_1,traditional,P042,27,female,intermediate,medium,stressed,,0,1,0,0,0,0,0,0,0,0,0,0,0,0,0,0,0,0,0,0,2025-07-11T14:51:12.130535
P042_traditional_2,traditional,P042,27,female,intermediate,medium,sad,,0,0,0,0,0,0,0,0,0,0,0,0,0,0,0,0,0,0,0,0,2025-07-11T14:51:13.272742
P042_traditional_3,traditional,P042,27,female,intermediate,medium,sad,,0,0,0,0,0,0,0,0,0,0,0,0,0,0,0,0,0,0,0,0,2025-07-11T14:51:15.303749
P042_traditional_4,traditional,P042,27,female,intermediate,medium,angry,,0,0,0,0,0,0,0,0,0,0,0,0,0,0,0,0,0,0,0,0,2025-07-11T14:51:17.836193
P042_traditional_5,traditional,P042,27,female,intermediate,medium,stressed,,0,0,0,0,0,0,0,0,0,0,0,0,0,0,0,0,0,0,0,0,2025-07-11T14:51:19.369492
P043_emotion_responsive_1,emotion_responsive,P043,28,male,basic,low,stressed,,0,0,2,1,0,0,0,0,0,0,0,0,0,0,0,0,0,0,0,0,2025-07-11T14:51:21.207000
P043_emotion_responsive_2,emotion_responsive,P043,28,male,basic,low,sad,,0,0,2,1,0,0,0,0,0,0,0,0,0,0,0,0,0,0,0,0,2025-07-11T14:51:23.103159
P043_emotion_responsive_3,emotion_responsive,P043,28,male,basic,low,sad,,0,0,2,0,0,0,0,0,0,0,0,0,0,0,0,0,0,0,0,0,2025-07-11T14:51:26.130082
P043_emotion_responsive_4,emotion_responsive,P043,28,male,basic,low,happy,,0,0,2,1,0,0,0,0,0,0,0,0,0,0,0,0,0,0,0,0,2025-07-11T14:51:28.018617
P043_emotion_responsive_5,emotion_responsive,P043,28,male,basic,low,stressed,,0,0,2,0,0,0,0,0,0,0,0,0,0,0,0,0,0,0,0,0,2025-07-11T14:51:29.433536
P043_traditional_1,traditional,P043,28,male,basic,low,sad,,0,1,0,0,0,0,0,0,0,0,0,0,0,0,0,0,0,0,0,0,2025-07-11T14:51:31.742413
P043_traditional_2,traditional,P043,28,male,basic,low,sad,,1,1,0,0,0,0,0,0,0,0,0,0,0,0,0,0,0,0,0,0,2025-07-11T14:51:33.559780
P043_traditional_3,traditional,P043,28,male,basic,low,happy,,0,0,0,0,0,0,0,0,0,0,0,0,0,0,0,0,0,0,0,0,2025-07-11T14:51:35.509708
P043_traditional_4,traditional,P043,28,male,basic,low,sad,,0,0,0,0,0,0,0,0,0,0,0,0,0,0,0,0,0,0,0,0,2025-07-11T14:51:37.478710
P043_traditional_5,traditional,P043,28,male,basic,low,neutral,,0,0,0,0,0,0,0,0,0,0,0,0,0,0,0,0,0,0,0,0,2025-07-11T14:51:38.955810
P044_emotion_responsive_1,emotion_responsive,P044,25,female,intermediate,high,neutral,,0,0,2,0,0,0,0,0,0,0,0,0,0,0,0,0,0,0,0,0,2025-07-11T14:51:40.627025
P044_emotion_responsive_2,emotion_responsive,P044,25,female,intermediate,high,stressed,,0,0,2,0,0,0,0,0,0,0,0,0,0,0,0,0,0,0,0,0,2025-07-11T14:51:43.093071
P044_emotion_responsive_3,emotion_responsive,P044,25,female,intermediate,high,stressed,,0,0,2,1,0,0,0,0,0,0,0,0,0,0,0,0,0,0,0,0,2025-07-11T14:51:45.078868
P044_emotion_responsive_4,emotion_responsive,P044,25,female,intermediate,high,stressed,,0,0,2,0,0,0,0,0,0,0,0,0,0,0,0,0,0,0,0,0,2025-07-11T14:51:46.518201
P044_emotion_responsive_5,emotion_responsive,P044,25,female,intermediate,high,neutral,,0,0,2,1,0,0,0,0,0,0,0,0,0,0,0,0,0,0,0,0,2025-07-11T14:51:48.342172
P044_traditional_1,traditional,P044,25,female,intermediate,high,tired,,0,1,0,0,0,0,0,0,0,0,0,0,0,0,0,0,0,0,0,0,2025-07-11T14:51:49.724646
P044_traditional_2,traditional,P044,25,female,intermediate,high,surprised,,0,0,0,0,0,0,0,0,0,0,0,0,0,0,0,0,0,0,0,0,2025-07-11T14:51:52.596684
P044_traditional_3,traditional,P044,25,female,intermediate,high,sad,,0,0,0,0,0,0,0,0,0,0,0,0,0,0,0,0,0,0,0,0,2025-07-11T14:51:54.467526
P044_traditional_4,traditional,P044,25,female,intermediate,high,neutral,,0,0,0,0,0,0,0,0,0,0,0,0,0,0,0,0,0,0,0,0,2025-07-11T14:51:55.887958
P044_traditional_5,traditional,P044,25,female,intermediate,high,neutral,,0,0,0,0,0,0,0,0,0,0,0,0,0,0,0,0,0,0,0,0,2025-07-11T14:51:58.004800
P045_emotion_responsive_1,emotion_responsive,P045,25,female,intermediate,high,angry,,0,0,2,2,0,0,0,0,0,0,0,0,0,0,0,0,0,0,0,0,2025-07-11T14:51:59.468508
P045_emotion_responsive_2,emotion_responsive,P045,25,female,intermediate,high,stressed,,0,0,2,0,0,0,0,0,0,0,0,0,0,0,0,0,0,0,0,0,2025-07-11T14:52:01.343094
P045_emotion_responsive_3,emotion_responsive,P045,25,female,intermediate,high,sad,,0,0,2,1,0,0,0,0,0,0,0,0,0,0,0,0,0,0,0,0,2025-07-11T14:52:03.414972
P045_emotion_responsive_4,emotion_responsive,P045,25,female,intermediate,high,sad,,0,0,2,1,0,0,0,0,0,0,0,0,0,0,0,0,0,0,0,0,2025-07-11T14:52:05.166739
P045_emotion_responsive_5,emotion_responsive,P045,25,female,intermediate,high,stressed,,0,0,2,0,0,0,0,0,0,0,0,0,0,0,0,0,0,0,0,0,2025-07-11T14:52:07.393634
P045_traditional_1,traditional,P045,25,female,intermediate,high,happy,,0,0,0,0,0,0,0,0,0,0,0,0,0,0,0,0,0,0,0,0,2025-07-11T14:52:08.737439
P045_traditional_2,traditional,P045,25,female,intermediate,high,angry,,0,0,0,0,0,0,0,0,0,0,0,0,0,0,0,0,0,0,0,0,2025-07-11T14:52:10.410337
P045_traditional_3,traditional,P045,25,female,intermediate,high,sad,,0,0,0,0,0,0,0,0,0,0,0,0,0,0,0,0,0,0,0,0,2025-07-11T14:52:12.201077
P045_traditional_4,traditional,P045,25,female,intermediate,high,neutral,,0,0,0,0,0,0,0,0,0,0,0,0,0,0,0,0,0,0,0,0,2025-07-11T14:52:13.957542
P045_traditional_5,traditional,P045,25,female,intermediate,high,surprised,,0,0,0,0,0,0,0,0,0,0,0,0,0,0,0,0,0,0,0,0,2025-07-11T14:52:16.689075
P046_emotion_responsive_1,emotion_responsive,P046,27,female,intermediate,medium,tired,,0,0,2,1,0,0,0,0,0,0,0,0,0,0,0,0,0,0,0,0,2025-07-11T14:52:18.436468
P046_emotion_responsive_2,emotion_responsive,P046,27,female,intermediate,medium,stressed,,0,0,2,2,0,0,0,0,0,0,0,0,0,0,0,0,0,0,0,0,2025-07-11T14:52:20.620242
P046_emotion_responsive_3,emotion_responsive,P046,27,female,intermediate,medium,surprised,,0,0,2,1,0,0,0,0,0,0,0,0,0,0,0,0,0,0,0,0,2025-07-11T14:52:23.148825
P046_emotion_responsive_4,emotion_responsive,P046,27,female,intermediate,medium,neutral,,0,0,2,1,0,0,0,0,0,0,0,0,0,0,0,0,0,0,0,0,2025-07-11T14:52:25.212003
P046_emotion_responsive_5,emotion_responsive,P046,27,female,intermediate,medium,surprised,,0,0,2,1,0,0,0,0,0,0,0,0,0,0,0,0,0,0,0,0,2025-07-11T14:52:27.381260
P046_traditional_1,traditional,P046,27,female,intermediate,medium,angry,,0,0,0,0,0,0,0,0,0,0,0,0,0,0,0,0,0,0,0,0,2025-07-11T14:52:29.079153
P046_traditional_2,traditional,P046,27,female,intermediate,medium,neutral,,0,1,0,0,0,0,0,0,0,0,0,0,0,0,0,0,0,0,0,0,2025-07-11T14:52:31.479590
P046_traditional_3,traditional,P046,27,female,intermediate,medium,angry,,0,0,0,0,0,0,0,0,0,0,0,0,0,0,0,0,0,0,0,0,2025-07-11T14:52:34.295337
P046_traditional_4,traditional,P046,27,female,intermediate,medium,sad,,0,0,0,0,0,0,0,0,0,0,0,0,0,0,0,0,0,0,0,0,2025-07-11T14:52:35.743036
P046_traditional_5,traditional,P046,27,female,intermediate,medium,happy,,1,0,0,0,0,0,0,0,0,0,0,0,0,0,0,0,0,0,0,0,2025-07-11T14:52:36.810181
P047_emotion_responsive_1,emotion_responsive,P047,30,male,advanced,high,sad,,0,0,2,1,0,0,0,0,0,0,0,0,0,0,0,0,0,0,0,0,2025-07-11T14:52:38.543228
P047_emotion_responsive_2,emotion_responsive,P047,30,male,advanced,high,angry,,0,0,2,1,0,0,0,0,0,0,0,0,0,0,0,0,0,0,0,0,2025-07-11T14:52:41.438376
P047_emotion_responsive_3,emotion_responsive,P047,30,male,advanced,high,surprised,,0,0,2,0,0,0,0,0,0,0,0,0,0,0,0,0,0,0,0,0,2025-07-11T14:52:44.193259
P047_emotion_responsive_4,emotion_responsive,P047,30,male,advanced,high,neutral,,0,0,2,2,0,0,0,0,0,0,0,0,0,0,0,0,0,0,0,0,2025-07-11T14:52:45.941205
P047_emotion_responsive_5,emotion_responsive,P047,30,male,advanced,high,surprised,,0,0,2,0,0,0,0,0,0,0,0,0,0,0,0,0,0,0,0,0,2025-07-11T14:52:47.881807
P047_traditional_1,traditional,P047,30,male,advanced,high,neutral,,0,0,0,0,0,0,0,0,0,0,0,0,0,0,0,0,0,0,0,0,2025-07-11T14:52:49.138209
P047_traditional_2,traditional,P047,30,male,advanced,high,happy,,0,0,0,0,0,0,0,0,0,0,0,0,0,0,0,0,0,0,0,0,2025-07-11T14:52:51.156044
P047_traditional_3,traditional,P047,30,male,advanced,high,neutral,,0,1,0,0,0,0,0,0,0,0,0,0,0,0,0,0,0,0,0,0,2025-07-11T14:52:52.808299
P047_traditional_4,traditional,P047,30,male,advanced,high,stressed,,0,0,0,0,0,0,0,0,0,0,0,0,0,0,0,0,0,0,0,0,2025-07-11T14:52:53.973235
P047_traditional_5,traditional,P047,30,male,advanced,high,happy,,0,1,0,0,0,0,0,0,0,0,0,0,0,0,0,0,0,0,0,0,2025-07-11T14:52:55.552629
P048_emotion_responsive_1,emotion_responsive,P048,24,female,intermediate,medium,tired,,0,0,2,1,0,0,0,0,0,0,0,0,0,0,0,0,0,0,0,0,2025-07-11T14:52:58.369928
P048_emotion_responsive_2,emotion_responsive,P048,24,female,intermediate,medium,happy,,0,0,2,1,0,0,0,0,0,0,0,0,0,0,0,0,0,0,0,0,2025-07-11T14:52:59.521701
P048_emotion_responsive_3,emotion_responsive,P048,24,female,intermediate,medium,neutral,,0,0,2,1,0,0,0,0,0,0,0,0,0,0,0,0,0,0,0,0,2025-07-11T14:53:01.186181
P048_emotion_responsive_4,emotion_responsive,P048,24,female,intermediate,medium,angry,,0,0,2,0,0,0,0,0,0,0,0,0,0,0,0,0,0,0,0,0,2025-07-11T14:53:02.265743
P048_emotion_responsive_5,emotion_responsive,P048,24,female,intermediate,medium,angry,,0,0,2,1,0,0,0,0,0,0,0,0,0,0,0,0,0,0,0,0,2025-07-11T14:53:04.167633
P048_traditional_1,traditional,P048,24,female,intermediate,medium,tired,,0,0,0,0,0,0,0,0,0,0,0,0,0,0,0,0,0,0,0,0,2025-07-11T14:53:05.820598
P048_traditional_2,traditional,P048,24,female,intermediate,medium,angry,,0,1,0,0,0,0,0,0,0,0,0,0,0,0,0,0,0,0,0,0,2025-07-11T14:53:06.916823
P048_traditional_3,traditional,P048,24,female,intermediate,medium,neutral,,1,0,0,0,0,0,0,0,0,0,0,0,0,0,0,0,0,0,0,0,2025-07-11T14:53:08.896154
P048_traditional_4,traditional,P048,24,female,intermediate,medium,happy,,0,0,0,0,0,0,0,0,0,0,0,0,0,0,0,0,0,0,0,0,2025-07-11T14:53:10.686834
P048_traditional_5,traditional,P048,24,female,intermediate,medium,stressed,,0,0,0,0,0,0,0,0,0,0,0,0,0,0,0,0,0,0,0,0,2025-07-11T14:53:11.851191
P049_emotion_responsive_1,emotion_responsive,P049,22,male,advanced,medium,sad,,0,0,2,2,0,0,0,0,0,0,0,0,0,0,0,0,0,0,0,0,2025-07-11T14:53:14.233206
P049_emotion_responsive_2,emotion_responsive,P049,22,male,advanced,medium,neutral,,0,0,2,1,0,0,0,0,0,0,0,0,0,0,0,0,0,0,0,0,2025-07-11T14:53:15.813738
P049_emotion_responsive_3,emotion_responsive,P049,22,male,advanced,medium,stressed,,0,0,2,2,0,0,0,0,0,0,0,0,0,0,0,0,0,0,0,0,2025-07-11T14:53:18.700579
P049_emotion_responsive_4,emotion_responsive,P049,22,male,advanced,medium,sad,,0,0,2,1,0,0,0,0,0,0,0,0,0,0,0,0,0,0,0,0,2025-07-11T14:53:21.631078
P049_emotion_responsive_5,emotion_responsive,P049,22,male,advanced,medium,happy,,0,0,2,1,0,0,0,0,0,0,0,0,0,0,0,0,0,0,0,0,2025-07-11T14:53:23.212971
P049_traditional_1,traditional,P049,22,male,advanced,medium,happy,,0,0,0,0,0,0,0,0,0,0,0,0,0,0,0,0,0,0,0,0,2025-07-11T14:53:25.863601
P049_traditional_2,traditional,P049,22,male,advanced,medium,tired,,0,0,0,0,0,0,0,0,0,0,0,0,0,0,0,0,0,0,0,0,2025-07-11T14:53:28.814096
P049_traditional_3,traditional,P049,22,male,advanced,medium,neutral,,0,1,0,0,0,0,0,0,0,0,0,0,0,0,0,0,0,0,0,0,2025-07-11T14:53:30.352276
P049_traditional_4,traditional,P049,22,male,advanced,medium,stressed,,0,0,0,0,0,0,0,0,0,0,0,0,0,0,0,0,0,0,0,0,2025-07-11T14:53:32.567880
P049_traditional_5,traditional,P049,22,male,advanced,medium,sad,,0,0,0,0,0,0,0,0,0,0,0,0,0,0,0,0,0,0,0,0,2025-07-11T14:53:35.561754
P050_emotion_responsive_1,emotion_responsive,P050,27,female,intermediate,medium,happy,,0,0,2,1,0,0,0,0,0,0,0,0,0,0,0,0,0,0,0,0,2025-07-11T14:53:36.740689
P050_emotion_responsive_2,emotion_responsive,P050,27,female,intermediate,medium,sad,,0,0,2,1,0,0,0,0,0,0,0,0,0,0,0,0,0,0,0,0,2025-07-11T14:53:38.407239
P050_emotion_responsive_3,emotion_responsive,P050,27,female,intermediate,medium,angry,,0,0,2,1,0,0,0,0,0,0,0,0,0,0,0,0,0,0,0,0,2025-07-11T14:53:41.025653
P050_emotion_responsive_4,emotion_responsive,P050,27,female,intermediate,medium,neutral,,0,0,2,2,0,0,0,0,0,0,0,0,0,0,0,0,0,0,0,0,2025-07-11T14:53:42.282515
P050_emotion_responsive_5,emotion_responsive,P050,27,female,intermediate,medium,angry,,0,0,2,2,0,0,0,0,0,0,0,0,0,0,0,0,0,0,0,0,2025-07-11T14:53:43.344370
P050_traditional_1,traditional,P050,27,female,intermediate,medium,happy,,0,1,0,0,0,0,0,0,0,0,0,0,0,0,0,0,0,0,0,0,2025-07-11T14:53:45.330690
P050_traditional_2,traditional,P050,27,female,intermediate,medium,angry,,0,0,0,0,0,0,0,0,0,0,0,0,0,0,0,0,0,0,0,0,2025-07-11T14:53:46.588287
P050_traditional_3,traditional,P050,27,female,intermediate,medium,sad,,1,0,0,0,0,0,0,0,0,0,0,0,0,0,0,0,0,0,0,0,2025-07-11T14:53:48.313151
P050_traditional_4,traditional,P050,27,female,intermediate,medium,tired,,0,1,0,0,0,0,0,0,0,0,0,0,0,0,0,0,0,0,0,0,2025-07-11T14:53:50.029383
P050_traditional_5,traditional,P050,27,female,intermediate,medium,stressed,,0,0,0,0,0,0,0,0,0,0,0,0,0,0,0,0,0,0,0,0,2025-07-11T14:53:51.884127
P001_emotion_responsive_1,emotion_responsive,P001,30,male,advanced,high,stressed,,0,1,3,2,0,1,0,1,1,1,1,0,0,0,0,0,0,0,0,0,0,0,0,0,0,0,2025-07-11T15:42:58.903889
P001_emotion_responsive_2,emotion_responsive,P001,30,male,advanced,high,angry,,0,0,3,2,0,1,1,1,0,1,1,0,0,0,0,0,0,0,0,0,0,0,0,0,0,0,2025-07-11T15:43:01.833243
P001_emotion_responsive_3,emotion_responsive,P001,30,male,advanced,high,surprised,,0,0,3,2,0,1,1,1,0,1,1,0,0,0,0,0,0,0,0,0,0,0,0,0,0,0,2025-07-11T15:43:03.865018
P001_emotion_responsive_4,emotion_responsive,P001,30,male,advanced,high,neutral,,0,0,3,3,0,1,1,1,1,1,1,0,0,0,0,0,0,0,0,0,0,0,0,0,0,0,2025-07-11T15:43:06.475026
P001_emotion_responsive_5,emotion_responsive,P001,30,male,advanced,high,stressed,,0,0,3,2,0,1,0,1,1,1,1,0,0,0,0,0,0,0,0,0,0,0,0,0,0,0,2025-07-11T15:43:09.198328
P001_traditional_1,traditional,P001,30,male,advanced,high,neutral,,0,0,0,0,0,0,0,0,0,0,0,0,0,0,0,0,0,0,0,0,0,0,0,0,0,0,2025-07-11T15:43:11.783758
P001_traditional_2,traditional,P001,30,male,advanced,high,neutral,,0,0,0,0,0,0,0,0,0,0,0,0,0,0,0,0,0,0,0,0,0,0,0,0,0,0,2025-07-11T15:43:12.958896
P001_traditional_3,traditional,P001,30,male,advanced,high,angry,,0,0,0,0,0,0,0,0,0,0,0,0,0,0,0,0,0,0,0,0,0,0,0,0,0,0,2025-07-11T15:43:14.100698
P001_traditional_4,traditional,P001,30,male,advanced,high,stressed,,0,0,0,0,0,0,0,0,0,0,0,0,0,0,0,0,0,0,0,0,0,0,0,0,0,0,2025-07-11T15:43:16.821696
P001_traditional_5,traditional,P001,30,male,advanced,high,stressed,,0,0,0,0,0,0,0,0,0,0,0,0,0,0,0,0,0,0,0,0,0,0,0,0,0,0,2025-07-11T15:43:19.196174
P002_emotion_responsive_1,emotion_responsive,P002,24,female,intermediate,medium,angry,,0,0,0,0,0,0,0,0,0,0,0,0,0,0,0,0,0,0,0,0,0,0,0,0,0,0,2025-07-11T15:43:21.281765
P002_emotion_responsive_2,emotion_responsive,P002,24,female,intermediate,medium,angry,,0,0,0,0,0,0,0,0,0,0,0,0,0,0,0,0,0,0,0,0,0,0,0,0,0,0,2025-07-11T15:43:23.531004
P002_emotion_responsive_3,emotion_responsive,P002,24,female,intermediate,medium,happy,,0,0,5,3,0,2,2,2,0,1,1,0,0,0,0,0,0,0,0,0,0,0,0,0,0,0,2025-07-11T15:43:24.705802
P002_emotion_responsive_4,emotion_responsive,P002,24,female,intermediate,medium,happy,,0,0,5,5,0,2,2,1,1,2,2,0,0,0,0,0,0,0,0,0,0,0,0,0,0,0,2025-07-11T15:43:27.620422
P002_emotion_responsive_5,emotion_responsive,P002,24,female,intermediate,medium,neutral,,0,1,4,3,0,2,2,1,1,1,0,0,0,0,0,0,0,0,0,0,0,0,0,0,0,0,2025-07-11T15:43:30.605656
P002_traditional_1,traditional,P002,24,female,intermediate,medium,sad,,0,1,0,0,0,0,0,0,0,0,0,0,0,0,0,0,0,0,0,0,0,0,0,0,0,0,2025-07-11T15:43:33.588018
P002_traditional_2,traditional,P002,24,female,intermediate,medium,happy,,1,1,0,0,0,0,0,0,0,0,0,0,0,0,0,0,0,0,0,0,0,0,0,0,0,0,2025-07-11T15:43:35.152480
P002_traditional_3,traditional,P002,24,female,intermediate,medium,happy,,0,1,0,0,0,0,0,0,0,0,0,0,0,0,0,0,0,0,0,0,0,0,0,0,0,0,2025-07-11T15:43:37.489040
P002_traditional_4,traditional,P002,24,female,intermediate,medium,stressed,,0,0,0,0,0,0,0,0,0,0,0,0,0,0,0,0,0,0,0,0,0,0,0,0,0,0,2025-07-11T15:43:40.183880
P002_traditional_5,traditional,P002,24,female,intermediate,medium,surprised,,0,0,0,0,0,0,0,0,0,0,0,0,0,0,0,0,0,0,0,0,0,0,0,0,0,0,2025-07-11T15:43:42.170340
P003_emotion_responsive_1,emotion_responsive,P003,22,male,advanced,medium,surprised,,0,0,4,3,0,1,0,2,2,1,1,0,0,0,0,0,0,0,0,0,0,0,0,0,0,0,2025-07-11T15:43:44.433171
P003_emotion_responsive_2,emotion_responsive,P003,22,male,advanced,medium,neutral,,0,0,6,6,0,2,2,2,2,2,2,0,0,0,0,0,0,0,0,0,0,0,0,0,0,0,2025-07-11T15:43:47.371150
P003_emotion_responsive_3,emotion_responsive,P003,22,male,advanced,medium,neutral,,0,0,5,2,0,1,1,3,0,1,1,0,0,0,0,0,0,0,0,0,0,0,0,0,0,0,2025-07-11T15:43:50.286845
P003_emotion_responsive_4,emotion_responsive,P003,22,male,advanced,medium,happy,,0,0,6,2,0,2,0,2,0,2,2,0,0,0,0,0,0,0,0,0,0,0,0,0,0,0,2025-07-11T15:43:51.916366
P003_emotion_responsive_5,emotion_responsive,P003,22,male,advanced,medium,neutral,,0,0,4,4,0,1,1,2,2,1,1,0,0,0,0,0,0,0,0,0,0,0,0,0,0,0,2025-07-11T15:43:54.329340
P003_traditional_1,traditional,P003,22,male,advanced,medium,angry,,0,0,0,0,0,0,0,0,0,0,0,0,0,0,0,0,0,0,0,0,0,0,0,0,0,0,2025-07-11T15:43:56.527398
P003_traditional_2,traditional,P003,22,male,advanced,medium,sad,,0,1,0,0,0,0,0,0,0,0,0,0,0,0,0,0,0,0,0,0,0,0,0,0,0,0,2025-07-11T15:43:58.220018
P003_traditional_3,traditional,P003,22,male,advanced,medium,sad,,0,0,0,0,0,0,0,0,0,0,0,0,0,0,0,0,0,0,0,0,0,0,0,0,0,0,2025-07-11T15:44:01.110916
P003_traditional_4,traditional,P003,22,male,advanced,medium,stressed,,0,1,0,0,0,0,0,0,0,0,0,0,0,0,0,0,0,0,0,0,0,0,0,0,0,0,2025-07-11T15:44:03.793429
P003_traditional_5,traditional,P003,22,male,advanced,medium,happy,,0,1,0,0,0,0,0,0,0,0,0,0,0,0,0,0,0,0,0,0,0,0,0,0,0,0,2025-07-11T15:44:06.627556
P004_emotion_responsive_1,emotion_responsive,P004,28,male,basic,low,happy,,0,0,5,3,0,2,0,2,2,1,1,0,0,0,0,0,0,0,0,0,0,0,0,0,0,0,2025-07-11T15:44:09.463587
P004_emotion_responsive_2,emotion_responsive,P004,28,male,basic,low,surprised,,0,0,4,2,0,1,1,2,0,1,1,0,0,0,0,0,0,0,0,0,0,0,0,0,0,0,2025-07-11T15:44:11.187840
P004_emotion_responsive_3,emotion_responsive,P004,28,male,basic,low,happy,,0,1,4,4,0,1,1,2,2,1,1,0,0,0,0,0,0,0,0,0,0,0,0,0,0,0,2025-07-11T15:44:14.098393
P004_emotion_responsive_4,emotion_responsive,P004,28,male,basic,low,sad,,0,0,6,6,0,2,2,3,3,1,1,0,0,0,0,0,0,0,0,0,0,0,0,0,0,0,2025-07-11T15:44:17.097554
P001_emotion_responsive_1,emotion_responsive,P001,25,female,intermediate,high,surprised,,1,0,5,5,0,2,2,2,2,1,1,0,0,0,0,0,0,0,0,0,0,0,0,0,0,0,2025-07-11T15:44:18.637094
P004_emotion_responsive_5,emotion_responsive,P004,28,male,basic,low,happy,,0,0,7,5,0,2,0,3,3,2,2,0,0,0,0,0,0,0,0,0,0,0,0,0,0,0,2025-07-11T15:44:18.789627
P001_emotion_responsive_2,emotion_responsive,P001,25,female,intermediate,high,angry,,0,0,6,4,0,2,2,2,2,2,0,0,0,0,0,0,0,0,0,0,0,0,0,0,0,0,2025-07-11T15:44:19.779261
P004_traditional_1,traditional,P004,28,male,basic,low,angry,,0,0,0,0,0,0,0,0,0,0,0,0,0,0,0,0,0,0,0,0,0,0,0,0,0,0,2025-07-11T15:44:21.549118
P001_emotion_responsive_3,emotion_responsive,P001,25,female,intermediate,high,sad,,0,0,5,5,0,1,1,3,3,1,1,0,0,0,0,0,0,0,0,0,0,0,0,0,0,0,2025-07-11T15:44:21.892200
P004_traditional_2,traditional,P004,28,male,basic,low,stressed,,0,1,0,0,0,0,0,0,0,0,0,0,0,0,0,0,0,0,0,0,0,0,0,0,0,0,2025-07-11T15:44:23.028884
P001_emotion_responsive_4,emotion_responsive,P001,25,female,intermediate,high,neutral,,0,0,6,4,0,2,0,2,2,2,2,0,0,0,0,0,0,0,0,0,0,0,0,0,0,0,2025-07-11T15:44:24.267737
P004_traditional_3,traditional,P004,28,male,basic,low,happy,,0,0,0,0,0,0,0,0,0,0,0,0,0,0,0,0,0,0,0,0,0,0,0,0,0,0,2025-07-11T15:44:24.754084
P001_emotion_responsive_5,emotion_responsive,P001,25,female,intermediate,high,tired,,0,1,5,4,0,1,0,3,3,1,1,0,0,0,0,0,0,0,0,0,0,0,0,0,0,0,2025-07-11T15:44:25.839179
P004_traditional_4,traditional,P004,28,male,basic,low,sad,,1,0,0,0,0,0,0,0,0,0,0,0,0,0,0,0,0,0,0,0,0,0,0,0,0,0,2025-07-11T15:44:25.963544
P001_traditional_1,traditional,P001,25,female,intermediate,high,surprised,,0,0,0,0,0,0,0,0,0,0,0,0,0,0,0,0,0,0,0,0,0,0,0,0,0,0,2025-07-11T15:44:27.960946
P004_traditional_5,traditional,P004,28,male,basic,low,tired,,0,0,0,0,0,0,0,0,0,0,0,0,0,0,0,0,0,0,0,0,0,0,0,0,0,0,2025-07-11T15:44:28.613696
P001_traditional_2,traditional,P001,25,female,intermediate,high,tired,,0,0,0,0,0,0,0,0,0,0,0,0,0,0,0,0,0,0,0,0,0,0,0,0,0,0,2025-07-11T15:44:29.202388
P001_traditional_3,traditional,P001,25,female,intermediate,high,surprised,,0,1,0,0,0,0,0,0,0,0,0,0,0,0,0,0,0,0,0,0,0,0,0,0,0,0,2025-07-11T15:44:30.740188
P005_emotion_responsive_1,emotion_responsive,P005,22,male,advanced,medium,stressed,,1,1,4,3,0,1,0,2,2,1,1,0,0,0,0,0,0,0,0,0,0,0,0,0,0,0,2025-07-11T15:44:31.333508
P001_traditional_4,traditional,P001,25,female,intermediate,high,sad,,0,0,0,0,0,0,0,0,0,0,0,0,0,0,0,0,0,0,0,0,0,0,0,0,0,0,2025-07-11T15:44:31.909625
P005_emotion_responsive_2,emotion_responsive,P005,22,male,advanced,medium,neutral,,0,0,6,1,0,2,0,3,0,1,1,0,0,0,0,0,0,0,0,0,0,0,0,0,0,0,2025-07-11T15:44:34.014724
P001_traditional_5,traditional,P001,25,female,intermediate,high,tired,,0,0,0,0,0,0,0,0,0,0,0,0,0,0,0,0,0,0,0,0,0,0,0,0,0,0,2025-07-11T15:44:34.774473
P005_emotion_responsive_3,emotion_responsive,P005,22,male,advanced,medium,neutral,,0,0,6,3,0,2,2,3,0,1,1,0,0,0,0,0,0,0,0,0,0,0,0,0,0,0,2025-07-11T15:44:35.281377
P002_emotion_responsive_1,emotion_responsive,P002,23,male,basic,low,happy,,0,0,5,5,0,1,1,3,3,1,1,0,0,0,0,0,0,0,0,0,0,0,0,0,0,0,2025-07-11T15:44:37.279463
P005_emotion_responsive_4,emotion_responsive,P005,22,male,advanced,medium,happy,,1,0,5,3,0,2,2,2,0,1,1,0,0,0,0,0,0,0,0,0,0,0,0,0,0,0,2025-07-11T15:44:37.917220
P005_emotion_responsive_5,emotion_responsive,P005,22,male,advanced,medium,neutral,,0,0,5,5,0,2,2,2,2,1,1,0,0,0,0,0,0,0,0,0,0,0,0,0,0,0,2025-07-11T15:44:39.209681
P002_emotion_responsive_2,emotion_responsive,P002,23,male,basic,low,tired,,0,0,5,5,0,2,2,2,2,1,1,0,0,0,0,0,0,0,0,0,0,0,0,0,0,0,2025-07-11T15:44:39.645497
P005_traditional_1,traditional,P005,22,male,advanced,medium,tired,,0,1,0,0,0,0,0,0,0,0,0,0,0,0,0,0,0,0,0,0,0,0,0,0,0,0,2025-07-11T15:44:41.780855
P002_emotion_responsive_3,emotion_responsive,P002,23,male,basic,low,happy,,0,0,4,3,0,1,1,2,2,1,0,0,0,0,0,0,0,0,0,0,0,0,0,0,0,0,2025-07-11T15:44:42.047887
P002_emotion_responsive_4,emotion_responsive,P002,23,male,basic,low,surprised,,0,0,6,6,0,2,2,3,3,1,1,0,0,0,0,0,0,0,0,0,0,0,0,0,0,0,2025-07-11T15:44:44.255698
P005_traditional_2,traditional,P005,22,male,advanced,medium,tired,,0,0,0,0,0,0,0,0,0,0,0,0,0,0,0,0,0,0,0,0,0,0,0,0,0,0,2025-07-11T15:44:44.385069
P002_emotion_responsive_5,emotion_responsive,P002,23,male,basic,low,happy,,0,0,5,2,0,1,1,3,0,1,1,0,0,0,0,0,0,0,0,0,0,0,0,0,0,0,2025-07-11T15:44:45.515804
P005_traditional_3,traditional,P005,22,male,advanced,medium,neutral,,0,0,0,0,0,0,0,0,0,0,0,0,0,0,0,0,0,0,0,0,0,0,0,0,0,0,2025-07-11T15:44:46.683592
P005_traditional_4,traditional,P005,22,male,advanced,medium,neutral,,0,0,0,0,0,0,0,0,0,0,0,0,0,0,0,0,0,0,0,0,0,0,0,0,0,0,2025-07-11T15:44:47.876648
P005_traditional_5,traditional,P005,22,male,advanced,medium,stressed,,0,0,0,0,0,0,0,0,0,0,0,0,0,0,0,0,0,0,0,0,0,0,0,0,0,0,2025-07-11T15:44:49.874579
P006_emotion_responsive_1,emotion_responsive,P006,26,female,intermediate,medium,tired,,0,0,6,2,0,2,2,2,0,2,0,0,0,0,0,0,0,0,0,0,0,0,0,0,0,0,2025-07-11T15:44:52.823964
P006_emotion_responsive_2,emotion_responsive,P006,26,female,intermediate,medium,happy,,0,0,4,3,0,1,0,2,2,1,1,0,0,0,0,0,0,0,0,0,0,0,0,0,0,0,2025-07-11T15:44:54.384344
P006_emotion_responsive_3,emotion_responsive,P006,26,female,intermediate,medium,neutral,,1,0,4,2,0,1,1,2,0,1,1,0,0,0,0,0,0,0,0,0,0,0,0,0,0,0,2025-07-11T15:44:56.864981
P006_emotion_responsive_4,emotion_responsive,P006,26,female,intermediate,medium,tired,,0,1,4,4,0,1,1,2,2,1,1,0,0,0,0,0,0,0,0,0,0,0,0,0,0,0,2025-07-11T15:44:59.268238
P006_emotion_responsive_5,emotion_responsive,P006,26,female,intermediate,medium,angry,,0,1,5,1,0,1,0,3,0,1,1,0,0,0,0,0,0,0,0,0,0,0,0,0,0,0,2025-07-11T15:45:00.459628
P006_traditional_1,traditional,P006,26,female,intermediate,medium,tired,,0,1,0,0,0,0,0,0,0,0,0,0,0,0,0,0,0,0,0,0,0,0,0,0,0,0,2025-07-11T15:45:01.491719
P006_traditional_2,traditional,P006,26,female,intermediate,medium,neutral,,1,0,0,0,0,0,0,0,0,0,0,0,0,0,0,0,0,0,0,0,0,0,0,0,0,0,2025-07-11T15:45:04.017377
P006_traditional_3,traditional,P006,26,female,intermediate,medium,tired,,0,0,0,0,0,0,0,0,0,0,0,0,0,0,0,0,0,0,0,0,0,0,0,0,0,0,2025-07-11T15:45:07.015637
P006_traditional_4,traditional,P006,26,female,intermediate,medium,tired,,1,0,0,0,0,0,0,0,0,0,0,0,0,0,0,0,0,0,0,0,0,0,0,0,0,0,2025-07-11T15:45:09.073201
P006_traditional_5,traditional,P006,26,female,intermediate,medium,surprised,,0,0,0,0,0,0,0,0,0,0,0,0,0,0,0,0,0,0,0,0,0,0,0,0,0,0,2025-07-11T15:45:11.866872
P007_emotion_responsive_1,emotion_responsive,P007,27,female,intermediate,medium,neutral,,0,0,4,3,0,1,0,2,2,1,1,0,0,0,0,0,0,0,0,0,0,0,0,0,0,0,2025-07-11T15:45:14.685233
P007_emotion_responsive_2,emotion_responsive,P007,27,female,intermediate,medium,surprised,,0,0,7,3,0,2,0,3,3,2,0,0,0,0,0,0,0,0,0,0,0,0,0,0,0,0,2025-07-11T15:45:15.766247
P007_emotion_responsive_3,emotion_responsive,P007,27,female,intermediate,medium,surprised,,1,0,5,3,0,2,0,2,2,1,1,0,0,0,0,0,0,0,0,0,0,0,0,0,0,0,2025-07-11T15:45:18.466787
P007_emotion_responsive_4,emotion_responsive,P007,27,female,intermediate,medium,angry,,0,1,4,3,0,1,0,2,2,1,1,0,0,0,0,0,0,0,0,0,0,0,0,0,0,0,2025-07-11T15:45:20.513688
P007_emotion_responsive_5,emotion_responsive,P007,27,female,intermediate,medium,sad,,0,0,6,4,0,2,2,2,0,2,2,0,0,0,0,0,0,0,0,0,0,0,0,0,0,0,2025-07-11T15:45:23.159467
P007_traditional_1,traditional,P007,27,female,intermediate,medium,angry,,0,0,0,0,0,0,0,0,0,0,0,0,0,0,0,0,0,0,0,0,0,0,0,0,0,0,2025-07-11T15:45:24.289689
P007_traditional_2,traditional,P007,27,female,intermediate,medium,surprised,,0,0,0,0,0,0,0,0,0,0,0,0,0,0,0,0,0,0,0,0,0,0,0,0,0,0,2025-07-11T15:45:26.138390
P007_traditional_3,traditional,P007,27,female,intermediate,medium,angry,,0,0,0,0,0,0,0,0,0,0,0,0,0,0,0,0,0,0,0,0,0,0,0,0,0,0,2025-07-11T15:45:28.092413
P007_traditional_4,traditional,P007,27,female,intermediate,medium,sad,,0,0,0,0,0,0,0,0,0,0,0,0,0,0,0,0,0,0,0,0,0,0,0,0,0,0,2025-07-11T15:45:30.488804
P007_traditional_5,traditional,P007,27,female,intermediate,medium,stressed,,0,0,0,0,0,0,0,0,0,0,0,0,0,0,0,0,0,0,0,0,0,0,0,0,0,0,2025-07-11T15:45:32.546405
P008_emotion_responsive_1,emotion_responsive,P008,27,female,intermediate,medium,stressed,,0,1,4,1,0,1,1,2,0,1,0,0,0,0,0,0,0,0,0,0,0,0,0,0,0,0,2025-07-11T15:45:34.607209
P008_emotion_responsive_2,emotion_responsive,P008,27,female,intermediate,medium,tired,,0,0,6,4,0,2,2,2,0,2,2,0,0,0,0,0,0,0,0,0,0,0,0,0,0,0,2025-07-11T15:45:37.128339
P008_emotion_responsive_3,emotion_responsive,P008,27,female,intermediate,medium,neutral,,0,0,4,2,0,1,1,2,0,1,1,0,0,0,0,0,0,0,0,0,0,0,0,0,0,0,2025-07-11T15:45:39.825106
P008_emotion_responsive_4,emotion_responsive,P008,27,female,intermediate,medium,surprised,,0,0,4,3,0,1,0,2,2,1,1,0,0,0,0,0,0,0,0,0,0,0,0,0,0,0,2025-07-11T15:45:42.613386
P008_emotion_responsive_5,emotion_responsive,P008,27,female,intermediate,medium,sad,,0,0,5,5,0,2,2,2,2,1,1,0,0,0,0,0,0,0,0,0,0,0,0,0,0,0,2025-07-11T15:45:44.310119
P008_traditional_1,traditional,P008,27,female,intermediate,medium,stressed,,0,0,0,0,0,0,0,0,0,0,0,0,0,0,0,0,0,0,0,0,0,0,0,0,0,0,2025-07-11T15:45:45.723315
P008_traditional_2,traditional,P008,27,female,intermediate,medium,neutral,,0,0,0,0,0,0,0,0,0,0,0,0,0,0,0,0,0,0,0,0,0,0,0,0,0,0,2025-07-11T15:45:47.765282
P008_traditional_3,traditional,P008,27,female,intermediate,medium,sad,,0,1,0,0,0,0,0,0,0,0,0,0,0,0,0,0,0,0,0,0,0,0,0,0,0,0,2025-07-11T15:45:50.705963
P008_traditional_4,traditional,P008,27,female,intermediate,medium,neutral,,0,0,0,0,0,0,0,0,0,0,0,0,0,0,0,0,0,0,0,0,0,0,0,0,0,0,2025-07-11T15:45:51.884883
P008_traditional_5,traditional,P008,27,female,intermediate,medium,sad,,0,0,0,0,0,0,0,0,0,0,0,0,0,0,0,0,0,0,0,0,0,0,0,0,0,0,2025-07-11T15:45:53.434729
P009_emotion_responsive_1,emotion_responsive,P009,28,male,basic,low,sad,,0,1,6,2,0,2,0,2,0,2,2,0,0,0,0,0,0,0,0,0,0,0,0,0,0,0,2025-07-11T15:45:55.603680
P009_emotion_responsive_2,emotion_responsive,P009,28,male,basic,low,stressed,,0,1,4,3,0,1,0,2,2,1,1,0,0,0,0,0,0,0,0,0,0,0,0,0,0,0,2025-07-11T15:45:58.543016
P009_emotion_responsive_3,emotion_responsive,P009,28,male,basic,low,happy,,0,0,4,4,0,1,1,2,2,1,1,0,0,0,0,0,0,0,0,0,0,0,0,0,0,0,2025-07-11T15:46:00.950507
P009_emotion_responsive_4,emotion_responsive,P009,28,male,basic,low,happy,,0,1,6,4,0,2,2,2,0,2,2,0,0,0,0,0,0,0,0,0,0,0,0,0,0,0,2025-07-11T15:46:02.163992
P009_emotion_responsive_5,emotion_responsive,P009,28,male,basic,low,angry,,0,0,5,4,0,1,0,3,3,1,1,0,0,0,0,0,0,0,0,0,0,0,0,0,0,0,2025-07-11T15:46:03.518820
P009_traditional_1,traditional,P009,28,male,basic,low,stressed,,0,0,0,0,0,0,0,0,0,0,0,0,0,0,0,0,0,0,0,0,0,0,0,0,0,0,2025-07-11T15:46:05.542488
P009_traditional_2,traditional,P009,28,male,basic,low,sad,,0,1,0,0,0,0,0,0,0,0,0,0,0,0,0,0,0,0,0,0,0,0,0,0,0,0,2025-07-11T15:46:06.973205
P009_traditional_3,traditional,P009,28,male,basic,low,happy,,0,0,0,0,0,0,0,0,0,0,0,0,0,0,0,0,0,0,0,0,0,0,0,0,0,0,2025-07-11T15:46:09.609183
P009_traditional_4,traditional,P009,28,male,basic,low,happy,,0,0,0,0,0,0,0,0,0,0,0,0,0,0,0,0,0,0,0,0,0,0,0,0,0,0,2025-07-11T15:46:12.103594
P009_traditional_5,traditional,P009,28,male,basic,low,neutral,,0,0,0,0,0,0,0,0,0,0,0,0,0,0,0,0,0,0,0,0,0,0,0,0,0,0,2025-07-11T15:46:13.520840
P010_emotion_responsive_1,emotion_responsive,P010,27,female,intermediate,medium,tired,,0,0,4,4,0,1,1,2,2,1,1,0,0,0,0,0,0,0,0,0,0,0,0,0,0,0,2025-07-11T15:46:15.489680
P010_emotion_responsive_2,emotion_responsive,P010,27,female,intermediate,medium,neutral,,0,0,4,4,0,1,1,2,2,1,1,0,0,0,0,0,0,0,0,0,0,0,0,0,0,0,2025-07-11T15:46:18.463075
P010_emotion_responsive_3,emotion_responsive,P010,27,female,intermediate,medium,happy,,1,0,5,3,0,2,2,2,0,1,1,0,0,0,0,0,0,0,0,0,0,0,0,0,0,0,2025-07-11T15:46:20.288235
P010_emotion_responsive_4,emotion_responsive,P010,27,female,intermediate,medium,stressed,,0,0,6,6,0,2,2,3,3,1,1,0,0,0,0,0,0,0,0,0,0,0,0,0,0,0,2025-07-11T15:46:23.203487
P010_emotion_responsive_5,emotion_responsive,P010,27,female,intermediate,medium,surprised,,0,0,4,4,0,1,1,2,2,1,1,0,0,0,0,0,0,0,0,0,0,0,0,0,0,0,2025-07-11T15:46:24.670973
P010_traditional_1,traditional,P010,27,female,intermediate,medium,stressed,,0,1,0,0,0,0,0,0,0,0,0,0,0,0,0,0,0,0,0,0,0,0,0,0,0,0,2025-07-11T15:46:27.268787
P010_traditional_2,traditional,P010,27,female,intermediate,medium,sad,,0,0,0,0,0,0,0,0,0,0,0,0,0,0,0,0,0,0,0,0,0,0,0,0,0,0,2025-07-11T15:46:29.158811
P010_traditional_3,traditional,P010,27,female,intermediate,medium,stressed,,0,0,0,0,0,0,0,0,0,0,0,0,0,0,0,0,0,0,0,0,0,0,0,0,0,0,2025-07-11T15:46:31.924515
P010_traditional_4,traditional,P010,27,female,intermediate,medium,neutral,,0,0,0,0,0,0,0,0,0,0,0,0,0,0,0,0,0,0,0,0,0,0,0,0,0,0,2025-07-11T15:46:33.927397
P010_traditional_5,traditional,P010,27,female,intermediate,medium,angry,,0,0,0,0,0,0,0,0,0,0,0,0,0,0,0,0,0,0,0,0,0,0,0,0,0,0,2025-07-11T15:46:35.003212
P011_emotion_responsive_1,emotion_responsive,P011,30,male,advanced,high,stressed,,0,0,4,2,0,1,1,2,0,1,1,0,0,0,0,0,0,0,0,0,0,0,0,0,0,0,2025-07-11T15:46:37.852991
P011_emotion_responsive_2,emotion_responsive,P011,30,male,advanced,high,happy,,0,0,4,4,0,1,1,2,2,1,1,0,0,0,0,0,0,0,0,0,0,0,0,0,0,0,2025-07-11T15:46:39.543573
P011_emotion_responsive_3,emotion_responsive,P011,30,male,advanced,high,surprised,,0,1,5,4,0,1,0,3,3,1,1,0,0,0,0,0,0,0,0,0,0,0,0,0,0,0,2025-07-11T15:46:42.375454
P011_emotion_responsive_4,emotion_responsive,P011,30,male,advanced,high,neutral,,0,0,5,4,0,1,0,3,3,1,1,0,0,0,0,0,0,0,0,0,0,0,0,0,0,0,2025-07-11T15:46:43.997041
P011_emotion_responsive_5,emotion_responsive,P011,30,male,advanced,high,sad,,0,0,5,2,0,1,1,3,0,1,1,0,0,0,0,0,0,0,0,0,0,0,0,0,0,0,2025-07-11T15:46:45.942342
P011_traditional_1,traditional,P011,30,male,advanced,high,angry,,0,0,0,0,0,0,0,0,0,0,0,0,0,0,0,0,0,0,0,0,0,0,0,0,0,0,2025-07-11T15:46:47.201998
P011_traditional_2,traditional,P011,30,male,advanced,high,stressed,,0,1,0,0,0,0,0,0,0,0,0,0,0,0,0,0,0,0,0,0,0,0,0,0,0,0,2025-07-11T15:46:49.509560
P011_traditional_3,traditional,P011,30,male,advanced,high,tired,,0,0,0,0,0,0,0,0,0,0,0,0,0,0,0,0,0,0,0,0,0,0,0,0,0,0,2025-07-11T15:46:52.512913
P011_traditional_4,traditional,P011,30,male,advanced,high,surprised,,0,0,0,0,0,0,0,0,0,0,0,0,0,0,0,0,0,0,0,0,0,0,0,0,0,0,2025-07-11T15:46:54.247409
P011_traditional_5,traditional,P011,30,male,advanced,high,happy,,0,1,0,0,0,0,0,0,0,0,0,0,0,0,0,0,0,0,0,0,0,0,0,0,0,0,2025-07-11T15:46:56.131826
P012_emotion_responsive_1,emotion_responsive,P012,24,female,intermediate,medium,stressed,,0,0,4,0,0,1,0,2,0,1,0,0,0,0,0,0,0,0,0,0,0,0,0,0,0,0,2025-07-11T15:46:57.991179
P012_emotion_responsive_2,emotion_responsive,P012,24,female,intermediate,medium,angry,,0,0,4,1,0,1,0,2,0,1,1,0,0,0,0,0,0,0,0,0,0,0,0,0,0,0,2025-07-11T15:46:59.169185
P012_emotion_responsive_3,emotion_responsive,P012,24,female,intermediate,medium,sad,,0,1,5,3,0,2,2,2,0,1,1,0,0,0,0,0,0,0,0,0,0,0,0,0,0,0,2025-07-11T15:47:00.853139
P012_emotion_responsive_4,emotion_responsive,P012,24,female,intermediate,medium,neutral,,1,0,5,5,0,1,1,3,3,1,1,0,0,0,0,0,0,0,0,0,0,0,0,0,0,0,2025-07-11T15:47:02.908295
P012_emotion_responsive_5,emotion_responsive,P012,24,female,intermediate,medium,surprised,,0,0,6,2,0,2,0,2,0,2,2,0,0,0,0,0,0,0,0,0,0,0,0,0,0,0,2025-07-11T15:47:05.072204
P012_traditional_1,traditional,P012,24,female,intermediate,medium,surprised,,0,1,0,0,0,0,0,0,0,0,0,0,0,0,0,0,0,0,0,0,0,0,0,0,0,0,2025-07-11T15:47:07.489658
P012_traditional_2,traditional,P012,24,female,intermediate,medium,surprised,,0,0,0,0,0,0,0,0,0,0,0,0,0,0,0,0,0,0,0,0,0,0,0,0,0,0,2025-07-11T15:47:08.738590
P012_traditional_3,traditional,P012,24,female,intermediate,medium,neutral,,0,0,0,0,0,0,0,0,0,0,0,0,0,0,0,0,0,0,0,0,0,0,0,0,0,0,2025-07-11T15:47:10.439179
P012_traditional_4,traditional,P012,24,female,intermediate,medium,neutral,,1,0,0,0,0,0,0,0,0,0,0,0,0,0,0,0,0,0,0,0,0,0,0,0,0,0,2025-07-11T15:47:12.871358
P012_traditional_5,traditional,P012,24,female,intermediate,medium,neutral,,0,0,0,0,0,0,0,0,0,0,0,0,0,0,0,0,0,0,0,0,0,0,0,0,0,0,2025-07-11T15:47:14.795903
P013_emotion_responsive_1,emotion_responsive,P013,25,female,intermediate,high,sad,,0,0,5,4,0,2,2,2,2,1,0,0,0,0,0,0,0,0,0,0,0,0,0,0,0,0,2025-07-11T15:47:16.370405
P013_emotion_responsive_2,emotion_responsive,P013,25,female,intermediate,high,angry,,0,0,5,2,0,1,1,3,0,1,1,0,0,0,0,0,0,0,0,0,0,0,0,0,0,0,2025-07-11T15:47:18.714241
P013_emotion_responsive_3,emotion_responsive,P013,25,female,intermediate,high,surprised,,0,0,4,3,0,1,1,2,2,1,0,0,0,0,0,0,0,0,0,0,0,0,0,0,0,0,2025-07-11T15:47:21.648520
