experiment_number,participant_name,participant_email,total_time,submission_time,condition,emotional_state,selections_json,agent_recommendations,agent_interactions,nasa_tlx_overall,satisfaction_overall,sus_total,system_initialization_start,system_initialization_end,system_initialization_duration,order_started_start,order_started_end,order_started_duration,face_recognition_start,face_recognition_end,face_recognition_duration,activity_selection_start,activity_selection_end,activity_selection_duration,agent_recommendations_shown_start,agent_recommendations_shown_end,agent_recommendations_shown_duration,menu_selections_start,menu_selections_end,menu_selections_duration
P001_emotion_responsive_1,Participant P001,P001@experiment.com,,2025-07-11T15:42:58.905012,emotion_responsive,stressed,{},"{""success"": true, ""agents_called"": [""context_intelligence"", ""preference_learning"", ""preparation_time""], ""preparation_time"": {""total_minutes"": 45, ""ready_time"": ""16:27"", ""formatted_duration"": ""00:45"", ""queue_position"": 25, ""complexity_multiplier"": 1.3, ""queue_multiplier"": 1.5, ""additional_wait_time"": 0, ""unavailable_items"": [], ""low_stock_items"": [""Cilantro""], ""preparing_items"": []}, ""recommendations"": {""context_intelligence"": [{""type"": ""context_intelligence"", ""title"": ""Inventory-Aware Suggestion"", ""message"": ""Queue position: #25"", ""priority"": ""medium""}], ""preference_learning"": [{""type"": ""preference_learning"", ""title"": ""Personalized Choice"", ""message"": ""Based on your previous orders, you might enjoy this combination"", ""priority"": ""low""}], ""preparation_time"": [{""type"": ""preparation_time"", ""title"": ""Preparation Time Estimate"", ""message"": ""Your order will be ready at 16:27"", ""priority"": ""high""}]}, ""refreshment_suggestions"": [{""name"": ""Masala Chai"", ""price"": 3.5, ""reason"": ""Perfect for longer waits""}, {""name"": ""Mango Lassi"", ""price"": 4.0, ""reason"": ""Refreshing yogurt drink""}], ""optimization_strategies"": [{""type"": ""queue_optimization"", ""title"": ""Queue Management"", ""message"": ""You are #25 in the queue"", ""suggestions"": [""Consider simpler order"", ""Add refreshment drink""]}]}","{""context_intelligence"": {""shown"": 1, ""accepted"": 0, ""rejected"": 0}, ""preference_learning"": {""shown"": 1, ""accepted"": 1, ""rejected"": 0}, ""preparation_time"": {""shown"": 1, ""accepted"": 1, ""rejected"": 0}}",0,0,0,1752266578.870572,1752266585.395181,14.773465999804184,1752266578.8742678,1752266585.3781354,10.453471409832199,1752266578.874273,1752266592.6101334,5.999274816086174,1752266578.880594,1752266593.8283362,10.693954227952204,1752266578.901806,1752266585.5730736,12.553612983276313,1752266578.901929,1752266593.7295609,11.71769330081619
P001_emotion_responsive_2,Participant P001,P001@experiment.com,,2025-07-11T15:43:01.835283,emotion_responsive,angry,{},"{""success"": true, ""agents_called"": [""context_intelligence"", ""preference_learning"", ""preparation_time""], ""preparation_time"": {""total_minutes"": 15, ""ready_time"": ""15:58"", ""formatted_duration"": ""00:15"", ""queue_position"": 4, ""complexity_multiplier"": 1.2, ""queue_multiplier"": 1.0, ""additional_wait_time"": 0, ""unavailable_items"": [], ""low_stock_items"": [""Lemon""], ""preparing_items"": []}, ""recommendations"": {""context_intelligence"": [{""type"": ""context_intelligence"", ""title"": ""Inventory-Aware Suggestion"", ""message"": ""Queue position: #4"", ""priority"": ""medium""}], ""preference_learning"": [{""type"": ""preference_learning"", ""title"": ""Personalized Choice"", ""message"": ""Based on your previous orders, you might enjoy this combination"", ""priority"": ""low""}], ""preparation_time"": [{""type"": ""preparation_time"", ""title"": ""Preparation Time Estimate"", ""message"": ""Your order will be ready at 15:58"", ""priority"": ""high""}]}, ""refreshment_suggestions"": [{""name"": ""Water"", ""price"": 1.0, ""reason"": ""Stay hydrated""}, {""name"": ""Soda"", ""price"": 2.0, ""reason"": ""Quick refreshment""}], ""optimization_strategies"": []}","{""context_intelligence"": {""shown"": 1, ""accepted"": 1, ""rejected"": 0}, ""preference_learning"": {""shown"": 1, ""accepted"": 0, ""rejected"": 1}, ""preparation_time"": {""shown"": 1, ""accepted"": 1, ""rejected"": 0}}",0,0,0,1752266581.790848,1752266592.9770758,9.701240362779057,1752266581.794497,1752266595.0585947,13.840001938212813,1752266581.794506,1752266591.6831217,12.835375534601043,1752266581.798768,1752266592.2949483,6.374591049294618,1752266581.827136,1752266593.5515962,13.454507340492732,1752266581.8275719,1752266589.2932732,6.896869632300058
P001_emotion_responsive_3,Participant P001,P001@experiment.com,,2025-07-11T15:43:03.865485,emotion_responsive,surprised,{},"{""success"": true, ""agents_called"": [""context_intelligence"", ""preference_learning"", ""preparation_time""], ""preparation_time"": {""total_minutes"": 67, ""ready_time"": ""16:50"", ""formatted_duration"": ""01:07"", ""queue_position"": 43, ""complexity_multiplier"": 1.4, ""queue_multiplier"": 2.0, ""additional_wait_time"": 0, ""unavailable_items"": [], ""low_stock_items"": [""Cilantro"", ""Cilantro""], ""preparing_items"": []}, ""recommendations"": {""context_intelligence"": [{""type"": ""context_intelligence"", ""title"": ""Inventory-Aware Suggestion"", ""message"": ""Queue position: #43"", ""priority"": ""medium""}], ""preference_learning"": [{""type"": ""preference_learning"", ""title"": ""Personalized Choice"", ""message"": ""Based on your previous orders, you might enjoy this combination"", ""priority"": ""low""}], ""preparation_time"": [{""type"": ""preparation_time"", ""title"": ""Preparation Time Estimate"", ""message"": ""Your order will be ready at 16:50"", ""priority"": ""high""}]}, ""refreshment_suggestions"": [{""name"": ""Masala Chai"", ""price"": 3.5, ""reason"": ""Perfect for longer waits""}, {""name"": ""Mango Lassi"", ""price"": 4.0, ""reason"": ""Refreshing yogurt drink""}], ""optimization_strategies"": [{""type"": ""queue_optimization"", ""title"": ""Queue Management"", ""message"": ""You are #43 in the queue"", ""suggestions"": [""Consider simpler order"", ""Add refreshment drink""]}]}","{""context_intelligence"": {""shown"": 1, ""accepted"": 1, ""rejected"": 0}, ""preference_learning"": {""shown"": 1, ""accepted"": 0, ""rejected"": 0}, ""preparation_time"": {""shown"": 1, ""accepted"": 1, ""rejected"": 0}}",0,0,0,1752266583.847053,1752266595.1556818,11.920138522254291,1752266583.84892,1752266595.9066434,8.593532436091964,1752266583.848923,1752266594.7388859,7.208813481931255,1752266583.85092,1752266591.952932,7.9039290691308715,1752266583.863338,1752266595.2483094,9.170835286691773,1752266583.8634539,1752266592.1848514,11.749502399814311
P001_emotion_responsive_4,Participant P001,P001@experiment.com,,2025-07-11T15:43:06.475661,emotion_responsive,neutral,{},"{""success"": true, ""agents_called"": [""context_intelligence"", ""preference_learning"", ""preparation_time""], ""preparation_time"": {""total_minutes"": 33, ""ready_time"": ""16:16"", ""formatted_duration"": ""00:33"", ""queue_position"": 15, ""complexity_multiplier"": 1.5, ""queue_multiplier"": 1.2, ""additional_wait_time"": 0, ""unavailable_items"": [], ""low_stock_items"": [""Lemon""], ""preparing_items"": []}, ""recommendations"": {""context_intelligence"": [{""type"": ""context_intelligence"", ""title"": ""Inventory-Aware Suggestion"", ""message"": ""Queue position: #15"", ""priority"": ""medium""}], ""preference_learning"": [{""type"": ""preference_learning"", ""title"": ""Personalized Choice"", ""message"": ""Based on your previous orders, you might enjoy this combination"", ""priority"": ""low""}], ""preparation_time"": [{""type"": ""preparation_time"", ""title"": ""Preparation Time Estimate"", ""message"": ""Your order will be ready at 16:16"", ""priority"": ""high""}]}, ""refreshment_suggestions"": [{""name"": ""Masala Chai"", ""price"": 3.5, ""reason"": ""Perfect for longer waits""}, {""name"": ""Mango Lassi"", ""price"": 4.0, ""reason"": ""Refreshing yogurt drink""}], ""optimization_strategies"": []}","{""context_intelligence"": {""shown"": 1, ""accepted"": 1, ""rejected"": 0}, ""preference_learning"": {""shown"": 1, ""accepted"": 1, ""rejected"": 0}, ""preparation_time"": {""shown"": 1, ""accepted"": 1, ""rejected"": 0}}",0,0,0,1752266586.44945,1752266601.303273,8.648538440867851,1752266586.451908,1752266600.462009,12.173672530960411,1752266586.4519129,1752266594.4077203,13.947090003460938,1752266586.455433,1752266598.4192276,14.705549461487156,1752266586.4734201,1752266598.001334,9.222344925878728,1752266586.47352,1752266599.3348007,10.530189428185494
P001_emotion_responsive_5,Participant P001,P001@experiment.com,,2025-07-11T15:43:09.199381,emotion_responsive,stressed,{},"{""success"": true, ""agents_called"": [""context_intelligence"", ""preference_learning"", ""preparation_time""], ""preparation_time"": {""total_minutes"": 11, ""ready_time"": ""15:54"", ""formatted_duration"": ""00:11"", ""queue_position"": 1, ""complexity_multiplier"": 1.3, ""queue_multiplier"": 1.0, ""additional_wait_time"": 0, ""unavailable_items"": [], ""low_stock_items"": [], ""preparing_items"": []}, ""recommendations"": {""context_intelligence"": [{""type"": ""context_intelligence"", ""title"": ""Inventory-Aware Suggestion"", ""message"": ""Queue position: #1"", ""priority"": ""medium""}], ""preference_learning"": [{""type"": ""preference_learning"", ""title"": ""Personalized Choice"", ""message"": ""Based on your previous orders, you might enjoy this combination"", ""priority"": ""low""}], ""preparation_time"": [{""type"": ""preparation_time"", ""title"": ""Preparation Time Estimate"", ""message"": ""Your order will be ready at 15:54"", ""priority"": ""high""}]}, ""refreshment_suggestions"": [{""name"": ""Water"", ""price"": 1.0, ""reason"": ""Stay hydrated""}, {""name"": ""Soda"", ""price"": 2.0, ""reason"": ""Quick refreshment""}], ""optimization_strategies"": []}","{""context_intelligence"": {""shown"": 1, ""accepted"": 0, ""rejected"": 0}, ""preference_learning"": {""shown"": 1, ""accepted"": 1, ""rejected"": 0}, ""preparation_time"": {""shown"": 1, ""accepted"": 1, ""rejected"": 0}}",0,0,0,1752266589.1703382,1752266598.1144598,14.125913579064054,1752266589.173842,1752266603.326271,12.098357538458236,1752266589.17385,1752266603.1097708,14.047235271838975,1752266589.177664,1752266602.5630646,8.541045174016267,1752266589.1961799,1752266597.5719972,12.139498605964363,1752266589.196359,1752266601.4006298,11.040321544210666
P001_traditional_1,Participant P001,P001@experiment.com,,2025-07-11T15:43:11.784257,traditional,neutral,{},null,"{""context_intelligence"": {""shown"": 0, ""accepted"": 0, ""rejected"": 0}, ""preference_learning"": {""shown"": 0, ""accepted"": 0, ""rejected"": 0}, ""preparation_time"": {""shown"": 0, ""accepted"": 0, ""rejected"": 0}}",0,0,0,1752266591.7807722,1752266606.1452034,14.493410053886075,1752266591.782398,1752266596.9531887,9.373474478173074,1752266591.7824,1752266599.7493458,14.630611884188548,1752266591.782402,1752266603.0514126,7.452499508656333,1752266591.782453,1752266598.0525236,13.438848919895362
P001_traditional_2,Participant P001,P001@experiment.com,,2025-07-11T15:43:12.960162,traditional,neutral,{},null,"{""context_intelligence"": {""shown"": 0, ""accepted"": 0, ""rejected"": 0}, ""preference_learning"": {""shown"": 0, ""accepted"": 0, ""rejected"": 0}, ""preparation_time"": {""shown"": 0, ""accepted"": 0, ""rejected"": 0}}",0,0,0,1752266592.954759,1752266604.6172807,11.663986493246608,1752266592.956807,1752266600.8058243,13.702369582798571,1752266592.956809,1752266602.628426,7.575920356581198,1752266592.9568121,1752266605.5535154,6.69738144615893,1752266592.956875,1752266607.2880592,10.195168331535335
P001_traditional_3,Participant P001,P001@experiment.com,,2025-07-11T15:43:14.101347,traditional,angry,{},null,"{""context_intelligence"": {""shown"": 0, ""accepted"": 0, ""rejected"": 0}, ""preference_learning"": {""shown"": 0, ""accepted"": 0, ""rejected"": 0}, ""preparation_time"": {""shown"": 0, ""accepted"": 0, ""rejected"": 0}}",0,0,0,1752266594.09668,1752266600.390557,12.664692023473949,1752266594.098864,1752266606.7632973,10.4498048941878,1752266594.098867,1752266603.3260307,14.386142137799126,1752266594.0988731,1752266603.98959,7.674577607390665,1752266594.098946,1752266605.3215048,13.422996855799
P001_traditional_4,Participant P001,P001@experiment.com,,2025-07-11T15:43:16.822159,traditional,stressed,{},null,"{""context_intelligence"": {""shown"": 0, ""accepted"": 0, ""rejected"": 0}, ""preference_learning"": {""shown"": 0, ""accepted"": 0, ""rejected"": 0}, ""preparation_time"": {""shown"": 0, ""accepted"": 0, ""rejected"": 0}}",0,0,0,1752266596.8185952,1752266610.2494228,13.879482152453681,1752266596.820381,1752266603.7681506,9.646190432747485,1752266596.8203819,1752266601.893321,7.176218214580282,1752266596.820384,1752266605.565076,8.265247536367273,1752266596.820438,1752266603.5299962,6.455269918300686
P001_traditional_5,Participant P001,P001@experiment.com,,2025-07-11T15:43:19.196841,traditional,stressed,{},null,"{""context_intelligence"": {""shown"": 0, ""accepted"": 0, ""rejected"": 0}, ""preference_learning"": {""shown"": 0, ""accepted"": 0, ""rejected"": 0}, ""preparation_time"": {""shown"": 0, ""accepted"": 0, ""rejected"": 0}}",0,0,0,1752266599.193952,1752266613.4923337,11.361723717086546
P002_emotion_responsive_1,Participant P002,P002@experiment.com,,2025-07-11T15:43:21.282764,emotion_responsive,angry,{},null,"{""context_intelligence"": {""shown"": 0, ""accepted"": 0, ""rejected"": 0}, ""preference_learning"": {""shown"": 0, ""accepted"": 0, ""rejected"": 0}, ""preparation_time"": {""shown"": 0, ""accepted"": 0, ""rejected"": 0}}",0,0,0,1752266601.277981,1752266612.3707576,13.924389208201445
P002_emotion_responsive_2,Participant P002,P002@experiment.com,,2025-07-11T15:43:23.531834,emotion_responsive,angry,{},null,"{""context_intelligence"": {""shown"": 0, ""accepted"": 0, ""rejected"": 0}, ""preference_learning"": {""shown"": 0, ""accepted"": 0, ""rejected"": 0}, ""preparation_time"": {""shown"": 0, ""accepted"": 0, ""rejected"": 0}}",0,0,0,1752266603.52843,1752266614.4430485,10.949051982001851
P002_emotion_responsive_3,Participant P002,P002@experiment.com,,2025-07-11T15:43:24.706463,emotion_responsive,happy,{},"{""success"": true, ""agents_called"": [""context_intelligence"", ""preference_learning"", ""preparation_time""], ""preparation_time"": {""total_minutes"": 59, ""ready_time"": ""16:42"", ""formatted_duration"": ""00:59"", ""queue_position"": 39, ""complexity_multiplier"": 1.1, ""queue_multiplier"": 2.0, ""additional_wait_time"": 0, ""unavailable_items"": [""Curry Masala""], ""low_stock_items"": [], ""preparing_items"": []}, ""recommendations"": {""context_intelligence"": [{""type"": ""context_intelligence"", ""title"": ""Inventory-Aware Suggestion"", ""message"": ""Queue position: #39"", ""priority"": ""medium""}, {""type"": ""context_intelligence"", ""title"": ""Unavailable Items"", ""message"": ""These items are currently out of stock: Curry Masala"", ""priority"": ""high""}], ""preference_learning"": [{""type"": ""preference_learning"", ""title"": ""Most Popular Choice"", ""message"": ""Our most loved dish by all customers"", ""priority"": ""medium"", ""confidence"": 0.6, ""reasoning"": ""Based on overall popularity""}, {""type"": ""preference_learning"", ""title"": ""Chef's Recommendation"", ""message"": ""Our signature dish with perfect balance"", ""priority"": ""medium"", ""confidence"": 0.7, ""reasoning"": ""Chef's special selection""}], ""preparation_time"": [{""type"": ""preparation_time"", ""title"": ""Preparation Time Estimate"", ""message"": ""Your order will be ready at 16:42"", ""priority"": ""high""}]}, ""refreshment_suggestions"": [{""name"": ""Masala Chai"", ""price"": 3.5, ""reason"": ""Perfect for longer waits""}, {""name"": ""Mango Lassi"", ""price"": 4.0, ""reason"": ""Refreshing yogurt drink""}], ""optimization_strategies"": [{""type"": ""queue_optimization"", ""title"": ""Queue Management"", ""message"": ""You are #39 in the queue"", ""suggestions"": [""Consider simpler order"", ""Add refreshment drink""]}]}","{""context_intelligence"": {""shown"": 2, ""accepted"": 2, ""rejected"": 0}, ""preference_learning"": {""shown"": 2, ""accepted"": 0, ""rejected"": 2}, ""preparation_time"": {""shown"": 1, ""accepted"": 1, ""rejected"": 0}}",0,0,0,1752266604.676872,1752266611.075741,6.2384592727117045,1752266604.680657,1752266618.0806496,9.794986424369569,1752266604.680661,1752266618.66161,11.10565373955568,1752266604.683025,1752266612.6211567,5.199844787259353,1752266604.703687,1752266611.0974376,8.224282244057058,1752266604.7037692,1752266614.2636356,10.874707818218013
P002_emotion_responsive_4,Participant P002,P002@experiment.com,,2025-07-11T15:43:27.621160,emotion_responsive,happy,{},"{""success"": true, ""agents_called"": [""context_intelligence"", ""preference_learning"", ""preparation_time""], ""preparation_time"": {""total_minutes"": 79, ""ready_time"": ""17:02"", ""formatted_duration"": ""01:19"", ""queue_position"": 34, ""complexity_multiplier"": 1.9, ""queue_multiplier"": 2.0, ""additional_wait_time"": 11, ""unavailable_items"": [], ""low_stock_items"": [""Lemon""], ""preparing_items"": [""Curry Special""]}, ""recommendations"": {""context_intelligence"": [{""type"": ""context_intelligence"", ""title"": ""Inventory-Aware Suggestion"", ""message"": ""Queue position: #34"", ""priority"": ""medium""}, {""type"": ""context_intelligence"", ""title"": ""Items Being Prepared"", ""message"": ""These items are being prepared: Curry Special"", ""priority"": ""medium""}], ""preference_learning"": [{""type"": ""preference_learning"", ""title"": ""Your Favorite Protein"", ""message"": ""Based on your 1 previous orders, you love Chicken dishes"", ""priority"": ""high"", ""confidence"": 0.1, ""reasoning"": ""You've ordered chicken 0 times""}], ""preparation_time"": [{""type"": ""preparation_time"", ""title"": ""Preparation Time Estimate"", ""message"": ""Your order will be ready at 17:02"", ""priority"": ""high""}, {""type"": ""preparation_time"", ""title"": ""Additional Wait Time"", ""message"": ""Some ingredients need 11 more minutes to prepare"", ""priority"": ""high""}]}, ""refreshment_suggestions"": [{""name"": ""Masala Chai"", ""price"": 3.5, ""reason"": ""Perfect for longer waits""}, {""name"": ""Mango Lassi"", ""price"": 4.0, ""reason"": ""Refreshing yogurt drink""}], ""optimization_strategies"": [{""type"": ""queue_optimization"", ""title"": ""Queue Management"", ""message"": ""You are #34 in the queue"", ""suggestions"": [""Consider simpler order"", ""Add refreshment drink""]}]}","{""context_intelligence"": {""shown"": 2, ""accepted"": 2, ""rejected"": 0}, ""preference_learning"": {""shown"": 1, ""accepted"": 1, ""rejected"": 0}, ""preparation_time"": {""shown"": 2, ""accepted"": 2, ""rejected"": 0}}",0,0,0,1752266607.57955,1752266621.4391742,13.571988075712463,1752266607.584179,1752266616.9762163,9.8995584435324,1752266607.584186,1752266612.7304726,6.738346485896731,1752266607.589516,1752266619.6431482,13.808417544903067,1752266607.618156,1752266617.7112622,7.222509323184036,1752266607.6182568,1752266617.3642113,10.201897391329952
P002_emotion_responsive_5,Participant P002,P002@experiment.com,,2025-07-11T15:43:30.606523,emotion_responsive,neutral,{},"{""success"": true, ""agents_called"": [""context_intelligence"", ""preference_learning"", ""preparation_time""], ""preparation_time"": {""total_minutes"": 66, ""ready_time"": ""16:49"", ""formatted_duration"": ""01:06"", ""queue_position"": 31, ""complexity_multiplier"": 1.9, ""queue_multiplier"": 2.0, ""additional_wait_time"": 0, ""unavailable_items"": [], ""low_stock_items"": [""Malai Masala"", ""Lemon""], ""preparing_items"": [""Mint""]}, ""recommendations"": {""context_intelligence"": [{""type"": ""context_intelligence"", ""title"": ""Inventory-Aware Suggestion"", ""message"": ""Queue position: #31"", ""priority"": ""medium""}, {""type"": ""context_intelligence"", ""title"": ""Items Being Prepared"", ""message"": ""These items are being prepared: Mint"", ""priority"": ""medium""}], ""preference_learning"": [{""type"": ""preference_learning"", ""title"": ""Your Favorite Protein"", ""message"": ""Based on your 2 previous orders, you love Chicken dishes"", ""priority"": ""high"", ""confidence"": 0.2, ""reasoning"": ""You've ordered chicken 0 times""}], ""preparation_time"": [{""type"": ""preparation_time"", ""title"": ""Preparation Time Estimate"", ""message"": ""Your order will be ready at 16:49"", ""priority"": ""high""}]}, ""refreshment_suggestions"": [{""name"": ""Masala Chai"", ""price"": 3.5, ""reason"": ""Perfect for longer waits""}, {""name"": ""Mango Lassi"", ""price"": 4.0, ""reason"": ""Refreshing yogurt drink""}], ""optimization_strategies"": [{""type"": ""queue_optimization"", ""title"": ""Queue Management"", ""message"": ""You are #31 in the queue"", ""suggestions"": [""Consider simpler order"", ""Add refreshment drink""]}]}","{""context_intelligence"": {""shown"": 2, ""accepted"": 2, ""rejected"": 0}, ""preference_learning"": {""shown"": 1, ""accepted"": 1, ""rejected"": 0}, ""preparation_time"": {""shown"": 1, ""accepted"": 0, ""rejected"": 0}}",0,0,0,1752266610.567858,1752266616.0016246,13.32830502751991,1752266610.571085,1752266620.6957629,9.077481335287336,1752266610.571092,1752266619.9201424,14.253822792401557,1752266610.57497,1752266617.8043346,5.375004331668162,1752266610.603539,1752266622.0084114,8.936653285324379,1752266610.603636,1752266623.9948437,8.373749071457791
P002_traditional_1,Participant P002,P002@experiment.com,,2025-07-11T15:43:33.588699,traditional,sad,{},null,"{""context_intelligence"": {""shown"": 0, ""accepted"": 0, ""rejected"": 0}, ""preference_learning"": {""shown"": 0, ""accepted"": 0, ""rejected"": 0}, ""preparation_time"": {""shown"": 0, ""accepted"": 0, ""rejected"": 0}}",0,0,0,1752266613.5818949,1752266623.1172867,14.711437329813737,1752266613.585103,1752266622.325171,10.568500786235319,1752266613.585105,1752266619.368873,8.51029994468742,1752266613.585108,1752266628.0426066,13.445073660813412,1752266613.585205,1752266624.6711457,7.655793789744201
P002_traditional_2,Participant P002,P002@experiment.com,,2025-07-11T15:43:35.153165,traditional,happy,{},null,"{""context_intelligence"": {""shown"": 0, ""accepted"": 0, ""rejected"": 0}, ""preference_learning"": {""shown"": 0, ""accepted"": 0, ""rejected"": 0}, ""preparation_time"": {""shown"": 0, ""accepted"": 0, ""rejected"": 0}}",0,0,0,1752266615.146592,1752266629.587625,6.0229568612752065,1752266615.1494982,1752266627.6794627,8.759049120886417,1752266615.1495,1752266622.6935751,10.24631136803475,1752266615.1495051,1752266628.1045694,7.13640918194085,1752266615.149607,1752266626.626923,11.857977546843838
P002_traditional_3,Participant P002,P002@experiment.com,,2025-07-11T15:43:37.489992,traditional,happy,{},null,"{""context_intelligence"": {""shown"": 0, ""accepted"": 0, ""rejected"": 0}, ""preference_learning"": {""shown"": 0, ""accepted"": 0, ""rejected"": 0}, ""preparation_time"": {""shown"": 0, ""accepted"": 0, ""rejected"": 0}}",0,0,0,1752266617.482542,1752266630.287773,10.679387330771451,1752266617.485833,1752266630.414195,9.521386845578336,1752266617.485835,1752266629.4352672,10.984667688238323,1752266617.4858398,1752266631.27066,5.133727572144672,1752266617.4859362,1752266625.1072094,14.095361116590944
P002_traditional_4,Participant P002,P002@experiment.com,,2025-07-11T15:43:40.184678,traditional,stressed,{},null,"{""context_intelligence"": {""shown"": 0, ""accepted"": 0, ""rejected"": 0}, ""preference_learning"": {""shown"": 0, ""accepted"": 0, ""rejected"": 0}, ""preparation_time"": {""shown"": 0, ""accepted"": 0, ""rejected"": 0}}",0,0,0,1752266620.1766899,1752266625.3007782,13.432267172260184,1752266620.17973,1752266626.355446,7.049071609232876,1752266620.179734,1752266634.6832979,6.023252373034492,1752266620.179741,1752266627.14287,13.016389642506448,1752266620.179936,1752266629.181518,6.772445671106578
P002_traditional_5,Participant P002,P002@experiment.com,,2025-07-11T15:43:42.171085,traditional,surprised,{},null,"{""context_intelligence"": {""shown"": 0, ""accepted"": 0, ""rejected"": 0}, ""preference_learning"": {""shown"": 0, ""accepted"": 0, ""rejected"": 0}, ""preparation_time"": {""shown"": 0, ""accepted"": 0, ""rejected"": 0}}",0,0,0,1752266622.1618402,1752266635.774365,13.795869072390463,1752266622.1663811,1752266632.751658,12.101919018456588,1752266622.1663842,1752266631.6162708,9.24689885186072,1752266622.1663911,1752266628.0755227,11.55656526833883,1752266622.166514,1752266629.4199827,7.4131938137442965
P003_emotion_responsive_1,Participant P003,P003@experiment.com,,2025-07-11T15:43:44.433713,emotion_responsive,surprised,{},"{""success"": true, ""agents_called"": [""context_intelligence"", ""preference_learning"", ""preparation_time""], ""preparation_time"": {""total_minutes"": 63, ""ready_time"": ""16:46"", ""formatted_duration"": ""01:03"", ""queue_position"": 40, ""complexity_multiplier"": 1.3, ""queue_multiplier"": 2.0, ""additional_wait_time"": 0, ""unavailable_items"": [], ""low_stock_items"": [""Malai Masala""], ""preparing_items"": []}, ""recommendations"": {""context_intelligence"": [{""type"": ""context_intelligence"", ""title"": ""Inventory-Aware Suggestion"", ""message"": ""Queue position: #40"", ""priority"": ""medium""}], ""preference_learning"": [{""type"": ""preference_learning"", ""title"": ""Most Popular Choice"", ""message"": ""Our most loved dish by all customers"", ""priority"": ""medium"", ""confidence"": 0.6, ""reasoning"": ""Based on overall popularity""}, {""type"": ""preference_learning"", ""title"": ""Chef's Recommendation"", ""message"": ""Our signature dish with perfect balance"", ""priority"": ""medium"", ""confidence"": 0.7, ""reasoning"": ""Chef's special selection""}], ""preparation_time"": [{""type"": ""preparation_time"", ""title"": ""Preparation Time Estimate"", ""message"": ""Your order will be ready at 16:46"", ""priority"": ""high""}]}, ""refreshment_suggestions"": [{""name"": ""Masala Chai"", ""price"": 3.5, ""reason"": ""Perfect for longer waits""}, {""name"": ""Mango Lassi"", ""price"": 4.0, ""reason"": ""Refreshing yogurt drink""}], ""optimization_strategies"": [{""type"": ""queue_optimization"", ""title"": ""Queue Management"", ""message"": ""You are #40 in the queue"", ""suggestions"": [""Consider simpler order"", ""Add refreshment drink""]}]}","{""context_intelligence"": {""shown"": 1, ""accepted"": 0, ""rejected"": 1}, ""preference_learning"": {""shown"": 2, ""accepted"": 2, ""rejected"": 0}, ""preparation_time"": {""shown"": 1, ""accepted"": 1, ""rejected"": 0}}",0,0,0,1752266624.405975,1752266639.3326554,13.769761658417698,1752266624.408021,1752266638.9630415,6.064306622771683,1752266624.408025,1752266639.33517,12.522384574593588,1752266624.411072,1752266633.5879128,14.282901876256727,1752266624.430392,1752266635.9744325,14.33297962824185,1752266624.4307442,1752266631.6706011,9.885687280880752
P003_emotion_responsive_2,Participant P003,P003@experiment.com,,2025-07-11T15:43:47.373622,emotion_responsive,neutral,{},"{""success"": true, ""agents_called"": [""context_intelligence"", ""preference_learning"", ""preparation_time""], ""preparation_time"": {""total_minutes"": 86, ""ready_time"": ""17:09"", ""formatted_duration"": ""01:26"", ""queue_position"": 40, ""complexity_multiplier"": 2.0, ""queue_multiplier"": 2.0, ""additional_wait_time"": 11, ""unavailable_items"": [], ""low_stock_items"": [], ""preparing_items"": [""Curry Special"", ""Mint""]}, ""recommendations"": {""context_intelligence"": [{""type"": ""context_intelligence"", ""title"": ""Inventory-Aware Suggestion"", ""message"": ""Queue position: #40"", ""priority"": ""medium""}, {""type"": ""context_intelligence"", ""title"": ""Items Being Prepared"", ""message"": ""These items are being prepared: Curry Special, Mint"", ""priority"": ""medium""}], ""preference_learning"": [{""type"": ""preference_learning"", ""title"": ""Your Favorite Protein"", ""message"": ""Based on your 1 previous orders, you love Chicken dishes"", ""priority"": ""high"", ""confidence"": 0.1, ""reasoning"": ""You've ordered chicken 0 times""}, {""type"": ""preference_learning"", ""title"": ""Popular Among Similar Users"", ""message"": ""Users with similar tastes love our signature dishes"", ""priority"": ""medium"", ""confidence"": 0.7, ""reasoning"": ""Based on 1 similar users""}], ""preparation_time"": [{""type"": ""preparation_time"", ""title"": ""Preparation Time Estimate"", ""message"": ""Your order will be ready at 17:09"", ""priority"": ""high""}, {""type"": ""preparation_time"", ""title"": ""Additional Wait Time"", ""message"": ""Some ingredients need 11 more minutes to prepare"", ""priority"": ""high""}]}, ""refreshment_suggestions"": [{""name"": ""Masala Chai"", ""price"": 3.5, ""reason"": ""Perfect for longer waits""}, {""name"": ""Mango Lassi"", ""price"": 4.0, ""reason"": ""Refreshing yogurt drink""}], ""optimization_strategies"": [{""type"": ""queue_optimization"", ""title"": ""Queue Management"", ""message"": ""You are #40 in the queue"", ""suggestions"": [""Consider simpler order"", ""Add refreshment drink""]}]}","{""context_intelligence"": {""shown"": 2, ""accepted"": 2, ""rejected"": 0}, ""preference_learning"": {""shown"": 2, ""accepted"": 2, ""rejected"": 0}, ""preparation_time"": {""shown"": 2, ""accepted"": 2, ""rejected"": 0}}",0,0,0,1752266627.19313,1752266641.7806993,6.653809600241827,1752266627.207753,1752266637.7614417,10.758758836801407,1752266627.207757,1752266640.365658,10.033118507908089,1752266627.2923572,1752266632.5891697,6.46576455244507,1752266627.3664708,1752266634.172259,11.041654353328518,1752266627.366559,1752266636.3025832,14.109527050247866
P003_emotion_responsive_3,Participant P003,P003@experiment.com,,2025-07-11T15:43:50.287536,emotion_responsive,neutral,{},"{""success"": true, ""agents_called"": [""context_intelligence"", ""preference_learning"", ""preparation_time""], ""preparation_time"": {""total_minutes"": 51, ""ready_time"": ""16:34"", ""formatted_duration"": ""00:51"", ""queue_position"": 28, ""complexity_multiplier"": 1.5, ""queue_multiplier"": 1.5, ""additional_wait_time"": 0, ""unavailable_items"": [], ""low_stock_items"": [""Malai Masala"", ""Lemon""], ""preparing_items"": []}, ""recommendations"": {""context_intelligence"": [{""type"": ""context_intelligence"", ""title"": ""Inventory-Aware Suggestion"", ""message"": ""Queue position: #28"", ""priority"": ""medium""}], ""preference_learning"": [{""type"": ""preference_learning"", ""title"": ""Your Favorite Protein"", ""message"": ""Based on your 2 previous orders, you love Chicken dishes"", ""priority"": ""high"", ""confidence"": 0.2, ""reasoning"": ""You've ordered chicken 0 times""}, {""type"": ""preference_learning"", ""title"": ""Popular Among Similar Users"", ""message"": ""Users with similar tastes love our signature dishes"", ""priority"": ""medium"", ""confidence"": 0.7, ""reasoning"": ""Based on 1 similar users""}, {""type"": ""preference_learning"", ""title"": ""Morning Preference"", ""message"": ""Perfect morning fuel based on your preferences"", ""priority"": ""low"", ""confidence"": 0.6, ""reasoning"": ""Optimized for morning consumption""}], ""preparation_time"": [{""type"": ""preparation_time"", ""title"": ""Preparation Time Estimate"", ""message"": ""Your order will be ready at 16:34"", ""priority"": ""high""}]}, ""refreshment_suggestions"": [{""name"": ""Masala Chai"", ""price"": 3.5, ""reason"": ""Perfect for longer waits""}, {""name"": ""Mango Lassi"", ""price"": 4.0, ""reason"": ""Refreshing yogurt drink""}], ""optimization_strategies"": [{""type"": ""queue_optimization"", ""title"": ""Queue Management"", ""message"": ""You are #28 in the queue"", ""suggestions"": [""Consider simpler order"", ""Add refreshment drink""]}]}","{""context_intelligence"": {""shown"": 1, ""accepted"": 1, ""rejected"": 0}, ""preference_learning"": {""shown"": 3, ""accepted"": 0, ""rejected"": 0}, ""preparation_time"": {""shown"": 1, ""accepted"": 1, ""rejected"": 0}}",0,0,0,1752266630.262906,1752266641.8303037,12.483229316031121,1752266630.2645981,1752266640.368944,12.526160058877132,1752266630.2646022,1752266643.9012308,6.804912346937378,1752266630.266798,1752266638.0339096,7.092125240805835,1752266630.285097,1752266635.9258952,7.627420280197369,1752266630.285175,1752266635.824934,14.1298433111133
P003_emotion_responsive_4,Participant P003,P003@experiment.com,,2025-07-11T15:43:51.917072,emotion_responsive,happy,{},"{""success"": true, ""agents_called"": [""context_intelligence"", ""preference_learning"", ""preparation_time""], ""preparation_time"": {""total_minutes"": 74, ""ready_time"": ""16:57"", ""formatted_duration"": ""01:14"", ""queue_position"": 32, ""complexity_multiplier"": 1.7, ""queue_multiplier"": 2.0, ""additional_wait_time"": 11, ""unavailable_items"": [], ""low_stock_items"": [], ""preparing_items"": [""Curry Special""]}, ""recommendations"": {""context_intelligence"": [{""type"": ""context_intelligence"", ""title"": ""Inventory-Aware Suggestion"", ""message"": ""Queue position: #32"", ""priority"": ""medium""}, {""type"": ""context_intelligence"", ""title"": ""Items Being Prepared"", ""message"": ""These items are being prepared: Curry Special"", ""priority"": ""medium""}], ""preference_learning"": [{""type"": ""preference_learning"", ""title"": ""Your Favorite Protein"", ""message"": ""Based on your 3 previous orders, you love Chicken dishes"", ""priority"": ""high"", ""confidence"": 0.30000000000000004, ""reasoning"": ""You've ordered chicken 0 times""}, {""type"": ""preference_learning"", ""title"": ""Popular Among Similar Users"", ""message"": ""Users with similar tastes love our signature dishes"", ""priority"": ""medium"", ""confidence"": 0.7, ""reasoning"": ""Based on 1 similar users""}], ""preparation_time"": [{""type"": ""preparation_time"", ""title"": ""Preparation Time Estimate"", ""message"": ""Your order will be ready at 16:57"", ""priority"": ""high""}, {""type"": ""preparation_time"", ""title"": ""Additional Wait Time"", ""message"": ""Some ingredients need 11 more minutes to prepare"", ""priority"": ""high""}]}, ""refreshment_suggestions"": [{""name"": ""Masala Chai"", ""price"": 3.5, ""reason"": ""Perfect for longer waits""}, {""name"": ""Mango Lassi"", ""price"": 4.0, ""reason"": ""Refreshing yogurt drink""}], ""optimization_strategies"": [{""type"": ""queue_optimization"", ""title"": ""Queue Management"", ""message"": ""You are #32 in the queue"", ""suggestions"": [""Consider simpler order"", ""Add refreshment drink""]}]}","{""context_intelligence"": {""shown"": 2, ""accepted"": 0, ""rejected"": 2}, ""preference_learning"": {""shown"": 2, ""accepted"": 0, ""rejected"": 0}, ""preparation_time"": {""shown"": 2, ""accepted"": 2, ""rejected"": 0}}",0,0,0,1752266631.882609,1752266642.3157077,7.749632020626959,1752266631.884696,1752266642.9121819,7.0863671059392335,1752266631.884701,1752266646.6829073,12.697742369858513,1752266631.8876648,1752266646.6519344,5.234917019820017,1752266631.9142709,1752266638.133531,6.320843864849882,1752266631.9143722,1752266642.400387,6.4642718634422955
P003_emotion_responsive_5,Participant P003,P003@experiment.com,,2025-07-11T15:43:54.330084,emotion_responsive,neutral,{},"{""success"": true, ""agents_called"": [""context_intelligence"", ""preference_learning"", ""preparation_time""], ""preparation_time"": {""total_minutes"": 57, ""ready_time"": ""16:40"", ""formatted_duration"": ""00:57"", ""queue_position"": 32, ""complexity_multiplier"": 1.3, ""queue_multiplier"": 2.0, ""additional_wait_time"": 0, ""unavailable_items"": [], ""low_stock_items"": [""Malai Masala""], ""preparing_items"": []}, ""recommendations"": {""context_intelligence"": [{""type"": ""context_intelligence"", ""title"": ""Inventory-Aware Suggestion"", ""message"": ""Queue position: #32"", ""priority"": ""medium""}], ""preference_learning"": [{""type"": ""preference_learning"", ""title"": ""Your Favorite Protein"", ""message"": ""Based on your 4 previous orders, you love Chicken dishes"", ""priority"": ""high"", ""confidence"": 0.4, ""reasoning"": ""You've ordered chicken 0 times""}, {""type"": ""preference_learning"", ""title"": ""Popular Among Similar Users"", ""message"": ""Users with similar tastes love our signature dishes"", ""priority"": ""medium"", ""confidence"": 0.7, ""reasoning"": ""Based on 1 similar users""}], ""preparation_time"": [{""type"": ""preparation_time"", ""title"": ""Preparation Time Estimate"", ""message"": ""Your order will be ready at 16:40"", ""priority"": ""high""}]}, ""refreshment_suggestions"": [{""name"": ""Masala Chai"", ""price"": 3.5, ""reason"": ""Perfect for longer waits""}, {""name"": ""Mango Lassi"", ""price"": 4.0, ""reason"": ""Refreshing yogurt drink""}], ""optimization_strategies"": [{""type"": ""queue_optimization"", ""title"": ""Queue Management"", ""message"": ""You are #32 in the queue"", ""suggestions"": [""Consider simpler order"", ""Add refreshment drink""]}]}","{""context_intelligence"": {""shown"": 1, ""accepted"": 1, ""rejected"": 0}, ""preference_learning"": {""shown"": 2, ""accepted"": 2, ""rejected"": 0}, ""preparation_time"": {""shown"": 1, ""accepted"": 1, ""rejected"": 0}}",0,0,0,1752266634.298132,1752266645.58147,8.87037359926508,1752266634.300763,1752266642.5248432,13.855423195963292,1752266634.300768,1752266640.831676,9.865994269556342,1752266634.304234,1752266641.2209475,11.682321916060467,1752266634.326475,1752266639.7293193,12.622417867031784,1752266634.326575,1752266642.5616221,13.024599775620944
P003_traditional_1,Participant P003,P003@experiment.com,,2025-07-11T15:43:56.528240,traditional,angry,{},null,"{""context_intelligence"": {""shown"": 0, ""accepted"": 0, ""rejected"": 0}, ""preference_learning"": {""shown"": 0, ""accepted"": 0, ""rejected"": 0}, ""preparation_time"": {""shown"": 0, ""accepted"": 0, ""rejected"": 0}}",0,0,0,1752266636.52248,1752266644.9347985,11.506489947964889,1752266636.5247822,1752266650.4623623,8.230487326763559,1752266636.524784,1752266643.6026814,5.499302035460465,1752266636.524787,1752266647.550903,7.203246146503005,1752266636.5248692,1752266647.656957,13.948612218190624
P003_traditional_2,Participant P003,P003@experiment.com,,2025-07-11T15:43:58.220849,traditional,sad,{},null,"{""context_intelligence"": {""shown"": 0, ""accepted"": 0, ""rejected"": 0}, ""preference_learning"": {""shown"": 0, ""accepted"": 0, ""rejected"": 0}, ""preparation_time"": {""shown"": 0, ""accepted"": 0, ""rejected"": 0}}",0,0,0,1752266638.211642,1752266652.781177,8.278575614179005,1752266638.2169511,1752266650.5402994,13.177068906552778,1752266638.216953,1752266644.231277,10.97176800237438,1752266638.216959,1752266650.555477,14.627069795435837,1752266638.2170901,1752266645.1101074,7.828243015198576
P003_traditional_3,Participant P003,P003@experiment.com,,2025-07-11T15:44:01.111473,traditional,sad,{},null,"{""context_intelligence"": {""shown"": 0, ""accepted"": 0, ""rejected"": 0}, ""preference_learning"": {""shown"": 0, ""accepted"": 0, ""rejected"": 0}, ""preparation_time"": {""shown"": 0, ""accepted"": 0, ""rejected"": 0}}",0,0,0,1752266641.107279,1752266650.7878766,11.881023737297157,1752266641.108855,1752266652.9039512,8.541070390657005,1752266641.108856,1752266655.181783,11.889551550539608,1752266641.1088588,1752266655.8404415,9.932030825252838,1752266641.108911,1752266647.5330698,8.102185978475486
P003_traditional_4,Participant P003,P003@experiment.com,,2025-07-11T15:44:03.794459,traditional,stressed,{},null,"{""context_intelligence"": {""shown"": 0, ""accepted"": 0, ""rejected"": 0}, ""preference_learning"": {""shown"": 0, ""accepted"": 0, ""rejected"": 0}, ""preparation_time"": {""shown"": 0, ""accepted"": 0, ""rejected"": 0}}",0,0,0,1752266643.785666,1752266656.3261464,10.2650025970419,1752266643.7886562,1752266651.455324,10.590976390422366,1752266643.788658,1752266655.458193,11.028437703849999,1752266643.788664,1752266658.3210166,9.156420805164958,1752266643.788828,1752266656.603379,14.517068560524745
P003_traditional_5,Participant P003,P003@experiment.com,,2025-07-11T15:44:06.628034,traditional,happy,{},null,"{""context_intelligence"": {""shown"": 0, ""accepted"": 0, ""rejected"": 0}, ""preference_learning"": {""shown"": 0, ""accepted"": 0, ""rejected"": 0}, ""preparation_time"": {""shown"": 0, ""accepted"": 0, ""rejected"": 0}}",0,0,0,1752266646.6236029,1752266655.5047514,12.355788897409473,1752266646.62512,1752266659.0514228,8.87457926209777,1752266646.625121,1752266653.7540903,10.404904562555544,1752266646.625123,1752266656.66531,7.073423347745045,1752266646.625176,1752266658.178092,6.204216594269988
P004_emotion_responsive_1,Participant P004,P004@experiment.com,,2025-07-11T15:44:09.464387,emotion_responsive,happy,{},"{""success"": true, ""agents_called"": [""context_intelligence"", ""preference_learning"", ""preparation_time""], ""preparation_time"": {""total_minutes"": 15, ""ready_time"": ""15:59"", ""formatted_duration"": ""00:15"", ""queue_position"": 1, ""complexity_multiplier"": 1.7, ""queue_multiplier"": 1.0, ""additional_wait_time"": 0, ""unavailable_items"": [], ""low_stock_items"": [], ""preparing_items"": [""Yogurt/Raita""]}, ""recommendations"": {""context_intelligence"": [{""type"": ""context_intelligence"", ""title"": ""Inventory-Aware Suggestion"", ""message"": ""Queue position: #1"", ""priority"": ""medium""}, {""type"": ""context_intelligence"", ""title"": ""Items Being Prepared"", ""message"": ""These items are being prepared: Yogurt/Raita"", ""priority"": ""medium""}], ""preference_learning"": [{""type"": ""preference_learning"", ""title"": ""Most Popular Choice"", ""message"": ""Our most loved dish by all customers"", ""priority"": ""medium"", ""confidence"": 0.6, ""reasoning"": ""Based on overall popularity""}, {""type"": ""preference_learning"", ""title"": ""Chef's Recommendation"", ""message"": ""Our signature dish with perfect balance"", ""priority"": ""medium"", ""confidence"": 0.7, ""reasoning"": ""Chef's special selection""}], ""preparation_time"": [{""type"": ""preparation_time"", ""title"": ""Preparation Time Estimate"", ""message"": ""Your order will be ready at 15:59"", ""priority"": ""high""}]}, ""refreshment_suggestions"": [{""name"": ""Water"", ""price"": 1.0, ""reason"": ""Stay hydrated""}, {""name"": ""Soda"", ""price"": 2.0, ""reason"": ""Quick refreshment""}], ""optimization_strategies"": []}","{""context_intelligence"": {""shown"": 2, ""accepted"": 0, ""rejected"": 0}, ""preference_learning"": {""shown"": 2, ""accepted"": 2, ""rejected"": 0}, ""preparation_time"": {""shown"": 1, ""accepted"": 1, ""rejected"": 0}}",0,0,0,1752266649.436578,1752266655.0907896,6.125550618517797,1752266649.438064,1752266658.7329662,8.912989177588521,1752266649.438067,1752266658.0498717,9.277072808617598,1752266649.440374,1752266656.4404736,11.88154279106045,1752266649.460893,1752266655.4605923,14.707680179193641,1752266649.4609752,1752266658.1722767,7.05561444364757
P004_emotion_responsive_2,Participant P004,P004@experiment.com,,2025-07-11T15:44:11.188384,emotion_responsive,surprised,{},"{""success"": true, ""agents_called"": [""context_intelligence"", ""preference_learning"", ""preparation_time""], ""preparation_time"": {""total_minutes"": 60, ""ready_time"": ""16:44"", ""formatted_duration"": ""01:00"", ""queue_position"": 36, ""complexity_multiplier"": 1.3, ""queue_multiplier"": 2.0, ""additional_wait_time"": 0, ""unavailable_items"": [], ""low_stock_items"": [""Lemon""], ""preparing_items"": []}, ""recommendations"": {""context_intelligence"": [{""type"": ""context_intelligence"", ""title"": ""Inventory-Aware Suggestion"", ""message"": ""Queue position: #36"", ""priority"": ""medium""}], ""preference_learning"": [{""type"": ""preference_learning"", ""title"": ""Your Favorite Protein"", ""message"": ""Based on your 1 previous orders, you love Chicken dishes"", ""priority"": ""high"", ""confidence"": 0.1, ""reasoning"": ""You've ordered chicken 0 times""}, {""type"": ""preference_learning"", ""title"": ""Popular Among Similar Users"", ""message"": ""Users with similar tastes love our signature dishes"", ""priority"": ""medium"", ""confidence"": 0.7, ""reasoning"": ""Based on 2 similar users""}], ""preparation_time"": [{""type"": ""preparation_time"", ""title"": ""Preparation Time Estimate"", ""message"": ""Your order will be ready at 16:44"", ""priority"": ""high""}]}, ""refreshment_suggestions"": [{""name"": ""Masala Chai"", ""price"": 3.5, ""reason"": ""Perfect for longer waits""}, {""name"": ""Mango Lassi"", ""price"": 4.0, ""reason"": ""Refreshing yogurt drink""}], ""optimization_strategies"": [{""type"": ""queue_optimization"", ""title"": ""Queue Management"", ""message"": ""You are #36 in the queue"", ""suggestions"": [""Consider simpler order"", ""Add refreshment drink""]}]}","{""context_intelligence"": {""shown"": 1, ""accepted"": 1, ""rejected"": 0}, ""preference_learning"": {""shown"": 2, ""accepted"": 0, ""rejected"": 0}, ""preparation_time"": {""shown"": 1, ""accepted"": 1, ""rejected"": 0}}",0,0,0,1752266651.1611269,1752266666.0657637,11.157083889410085,1752266651.163318,1752266665.5166667,10.9707307166134,1752266651.1633222,1752266663.365993,8.31247255074872,1752266651.165895,1752266659.5870254,14.230146125831606,1752266651.1840389,1752266656.4395885,7.14076733800256,1752266651.1842072,1752266665.969092,10.862759267454543
P004_emotion_responsive_3,Participant P004,P004@experiment.com,,2025-07-11T15:44:14.099172,emotion_responsive,happy,{},"{""success"": true, ""agents_called"": [""context_intelligence"", ""preference_learning"", ""preparation_time""], ""preparation_time"": {""total_minutes"": 21, ""ready_time"": ""16:05"", ""formatted_duration"": ""00:21"", ""queue_position"": 5, ""complexity_multiplier"": 1.7, ""queue_multiplier"": 1.0, ""additional_wait_time"": 0, ""unavailable_items"": [], ""low_stock_items"": [""Lemon""], ""preparing_items"": []}, ""recommendations"": {""context_intelligence"": [{""type"": ""context_intelligence"", ""title"": ""Inventory-Aware Suggestion"", ""message"": ""Queue position: #5"", ""priority"": ""medium""}], ""preference_learning"": [{""type"": ""preference_learning"", ""title"": ""Your Favorite Protein"", ""message"": ""Based on your 2 previous orders, you love Chicken dishes"", ""priority"": ""high"", ""confidence"": 0.2, ""reasoning"": ""You've ordered chicken 0 times""}, {""type"": ""preference_learning"", ""title"": ""Popular Among Similar Users"", ""message"": ""Users with similar tastes love our signature dishes"", ""priority"": ""medium"", ""confidence"": 0.7, ""reasoning"": ""Based on 2 similar users""}], ""preparation_time"": [{""type"": ""preparation_time"", ""title"": ""Preparation Time Estimate"", ""message"": ""Your order will be ready at 16:05"", ""priority"": ""high""}]}, ""refreshment_suggestions"": [{""name"": ""Masala Chai"", ""price"": 3.5, ""reason"": ""Perfect for longer waits""}, {""name"": ""Mango Lassi"", ""price"": 4.0, ""reason"": ""Refreshing yogurt drink""}], ""optimization_strategies"": []}","{""context_intelligence"": {""shown"": 1, ""accepted"": 1, ""rejected"": 0}, ""preference_learning"": {""shown"": 2, ""accepted"": 2, ""rejected"": 0}, ""preparation_time"": {""shown"": 1, ""accepted"": 1, ""rejected"": 0}}",0,0,0,1752266654.075098,1752266659.9769402,11.887164759826316,1752266654.076768,1752266659.9592173,5.384316186736321,1752266654.0767722,1752266664.1335452,8.782155532049414,1752266654.079777,1752266665.558248,6.87063382631541,1752266654.096132,1752266661.2128527,12.154120895534657,1752266654.096249,1752266663.2084394,7.064958388538715
P004_emotion_responsive_4,Participant P004,P004@experiment.com,,2025-07-11T15:44:17.098303,emotion_responsive,sad,{},"{""success"": true, ""agents_called"": [""context_intelligence"", ""preference_learning"", ""preparation_time""], ""preparation_time"": {""total_minutes"": 67, ""ready_time"": ""16:51"", ""formatted_duration"": ""01:07"", ""queue_position"": 44, ""complexity_multiplier"": 1.3, ""queue_multiplier"": 2.0, ""additional_wait_time"": 0, ""unavailable_items"": [""Curry Masala""], ""low_stock_items"": [], ""preparing_items"": []}, ""recommendations"": {""context_intelligence"": [{""type"": ""context_intelligence"", ""title"": ""Inventory-Aware Suggestion"", ""message"": ""Queue position: #44"", ""priority"": ""medium""}, {""type"": ""context_intelligence"", ""title"": ""Unavailable Items"", ""message"": ""These items are currently out of stock: Curry Masala"", ""priority"": ""high""}], ""preference_learning"": [{""type"": ""preference_learning"", ""title"": ""Your Favorite Protein"", ""message"": ""Based on your 3 previous orders, you love Chicken dishes"", ""priority"": ""high"", ""confidence"": 0.30000000000000004, ""reasoning"": ""You've ordered chicken 0 times""}, {""type"": ""preference_learning"", ""title"": ""Popular Among Similar Users"", ""message"": ""Users with similar tastes love our signature dishes"", ""priority"": ""medium"", ""confidence"": 0.7, ""reasoning"": ""Based on 2 similar users""}, {""type"": ""preference_learning"", ""title"": ""Morning Preference"", ""message"": ""Perfect morning fuel based on your preferences"", ""priority"": ""low"", ""confidence"": 0.6, ""reasoning"": ""Optimized for morning consumption""}], ""preparation_time"": [{""type"": ""preparation_time"", ""title"": ""Preparation Time Estimate"", ""message"": ""Your order will be ready at 16:51"", ""priority"": ""high""}]}, ""refreshment_suggestions"": [{""name"": ""Masala Chai"", ""price"": 3.5, ""reason"": ""Perfect for longer waits""}, {""name"": ""Mango Lassi"", ""price"": 4.0, ""reason"": ""Refreshing yogurt drink""}], ""optimization_strategies"": [{""type"": ""queue_optimization"", ""title"": ""Queue Management"", ""message"": ""You are #44 in the queue"", ""suggestions"": [""Consider simpler order"", ""Add refreshment drink""]}]}","{""context_intelligence"": {""shown"": 2, ""accepted"": 2, ""rejected"": 0}, ""preference_learning"": {""shown"": 3, ""accepted"": 3, ""rejected"": 0}, ""preparation_time"": {""shown"": 1, ""accepted"": 1, ""rejected"": 0}}",0,0,0,1752266657.062499,1752266669.169052,11.565522848394737,1752266657.064959,1752266666.243234,6.358307833075797,1752266657.064967,1752266663.755803,11.93982701198929,1752266657.068453,1752266667.1188185,13.9727759306715,1752266657.09508,1752266670.491531,9.69821094295119,1752266657.095169,1752266670.0001612,6.948085613120646
P001_emotion_responsive_1,Participant P001,P001@experiment.com,,2025-07-11T15:44:18.637592,emotion_responsive,surprised,{},"{""success"": true, ""agents_called"": [""context_intelligence"", ""preference_learning"", ""preparation_time""], ""preparation_time"": {""total_minutes"": 19, ""ready_time"": ""16:03"", ""formatted_duration"": ""00:19"", ""queue_position"": 3, ""complexity_multiplier"": 1.9, ""queue_multiplier"": 1.0, ""additional_wait_time"": 0, ""unavailable_items"": [], ""low_stock_items"": [""Lemon""], ""preparing_items"": [""Mint""]}, ""recommendations"": {""context_intelligence"": [{""type"": ""context_intelligence"", ""title"": ""Inventory-Aware Suggestion"", ""message"": ""Queue position: #3"", ""priority"": ""medium""}, {""type"": ""context_intelligence"", ""title"": ""Items Being Prepared"", ""message"": ""These items are being prepared: Mint"", ""priority"": ""medium""}], ""preference_learning"": [{""type"": ""preference_learning"", ""title"": ""Most Popular Choice"", ""message"": ""Our most loved dish by all customers"", ""priority"": ""medium"", ""confidence"": 0.6, ""reasoning"": ""Based on overall popularity""}, {""type"": ""preference_learning"", ""title"": ""Chef's Recommendation"", ""message"": ""Our signature dish with perfect balance"", ""priority"": ""medium"", ""confidence"": 0.7, ""reasoning"": ""Chef's special selection""}], ""preparation_time"": [{""type"": ""preparation_time"", ""title"": ""Preparation Time Estimate"", ""message"": ""Your order will be ready at 16:03"", ""priority"": ""high""}]}, ""refreshment_suggestions"": [{""name"": ""Sweet Lassi"", ""price"": 3.0, ""reason"": ""Classic Indian drink""}, {""name"": ""Masala Tea"", ""price"": 2.5, ""reason"": ""Quick spiced tea""}], ""optimization_strategies"": []}","{""context_intelligence"": {""shown"": 2, ""accepted"": 2, ""rejected"": 0}, ""preference_learning"": {""shown"": 2, ""accepted"": 2, ""rejected"": 0}, ""preparation_time"": {""shown"": 1, ""accepted"": 1, ""rejected"": 0}}",0,0,0,1752266658.599286,1752266665.7303503,14.304070665095411,1752266658.602616,1752266665.6153061,10.284123928117005,1752266658.60262,1752266671.5638354,10.579591489740443,1752266658.606667,1752266671.4462008,11.266494600630118,1752266658.6344151,1752266671.4563484,12.710837111556208,1752266658.6346781,1752266670.013319,14.75434327412121
P004_emotion_responsive_5,Participant P004,P004@experiment.com,,2025-07-11T15:44:18.790143,emotion_responsive,happy,{},"{""success"": true, ""agents_called"": [""context_intelligence"", ""preference_learning"", ""preparation_time""], ""preparation_time"": {""total_minutes"": 53, ""ready_time"": ""16:37"", ""formatted_duration"": ""00:53"", ""queue_position"": 18, ""complexity_multiplier"": 1.6, ""queue_multiplier"": 1.5, ""additional_wait_time"": 11, ""unavailable_items"": [], ""low_stock_items"": [], ""preparing_items"": [""Curry Special""]}, ""recommendations"": {""context_intelligence"": [{""type"": ""context_intelligence"", ""title"": ""Inventory-Aware Suggestion"", ""message"": ""Queue position: #18"", ""priority"": ""medium""}, {""type"": ""context_intelligence"", ""title"": ""Items Being Prepared"", ""message"": ""These items are being prepared: Curry Special"", ""priority"": ""medium""}], ""preference_learning"": [{""type"": ""preference_learning"", ""title"": ""Your Favorite Protein"", ""message"": ""Based on your 4 previous orders, you love Chicken dishes"", ""priority"": ""high"", ""confidence"": 0.4, ""reasoning"": ""You've ordered chicken 0 times""}, {""type"": ""preference_learning"", ""title"": ""Popular Among Similar Users"", ""message"": ""Users with similar tastes love our signature dishes"", ""priority"": ""medium"", ""confidence"": 0.7, ""reasoning"": ""Based on 2 similar users""}, {""type"": ""preference_learning"", ""title"": ""Morning Preference"", ""message"": ""Perfect morning fuel based on your preferences"", ""priority"": ""low"", ""confidence"": 0.6, ""reasoning"": ""Optimized for morning consumption""}], ""preparation_time"": [{""type"": ""preparation_time"", ""title"": ""Preparation Time Estimate"", ""message"": ""Your order will be ready at 16:37"", ""priority"": ""high""}, {""type"": ""preparation_time"", ""title"": ""Additional Wait Time"", ""message"": ""Some ingredients need 11 more minutes to prepare"", ""priority"": ""high""}]}, ""refreshment_suggestions"": [{""name"": ""Masala Chai"", ""price"": 3.5, ""reason"": ""Perfect for longer waits""}, {""name"": ""Mango Lassi"", ""price"": 4.0, ""reason"": ""Refreshing yogurt drink""}], ""optimization_strategies"": []}","{""context_intelligence"": {""shown"": 2, ""accepted"": 0, ""rejected"": 2}, ""preference_learning"": {""shown"": 3, ""accepted"": 3, ""rejected"": 0}, ""preparation_time"": {""shown"": 2, ""accepted"": 2, ""rejected"": 0}}",0,0,0,1752266658.759454,1752266673.1402662,5.55413448931898,1752266658.761201,1752266664.0747335,13.819681372540536,1752266658.761205,1752266668.2239664,7.9808510906900505,1752266658.763647,1752266672.794018,9.734904409435448,1752266658.787955,1752266665.6371486,9.914605271544048,1752266658.7880352,1752266667.3397255,9.622770501639748
P001_emotion_responsive_2,Participant P001,P001@experiment.com,,2025-07-11T15:44:19.779824,emotion_responsive,angry,{},"{""success"": true, ""agents_called"": [""context_intelligence"", ""preference_learning"", ""preparation_time""], ""preparation_time"": {""total_minutes"": 55, ""ready_time"": ""16:39"", ""formatted_duration"": ""00:55"", ""queue_position"": 23, ""complexity_multiplier"": 1.4, ""queue_multiplier"": 1.5, ""additional_wait_time"": 11, ""unavailable_items"": [], ""low_stock_items"": [], ""preparing_items"": [""Curry Special""]}, ""recommendations"": {""context_intelligence"": [{""type"": ""context_intelligence"", ""title"": ""Inventory-Aware Suggestion"", ""message"": ""Queue position: #23"", ""priority"": ""medium""}, {""type"": ""context_intelligence"", ""title"": ""Items Being Prepared"", ""message"": ""These items are being prepared: Curry Special"", ""priority"": ""medium""}], ""preference_learning"": [{""type"": ""preference_learning"", ""title"": ""Your Favorite Protein"", ""message"": ""Based on your 1 previous orders, you love Chicken dishes"", ""priority"": ""high"", ""confidence"": 0.1, ""reasoning"": ""You've ordered chicken 0 times""}, {""type"": ""preference_learning"", ""title"": ""Popular Among Similar Users"", ""message"": ""Users with similar tastes love our signature dishes"", ""priority"": ""medium"", ""confidence"": 0.7, ""reasoning"": ""Based on 3 similar users""}], ""preparation_time"": [{""type"": ""preparation_time"", ""title"": ""Preparation Time Estimate"", ""message"": ""Your order will be ready at 16:39"", ""priority"": ""high""}, {""type"": ""preparation_time"", ""title"": ""Additional Wait Time"", ""message"": ""Some ingredients need 11 more minutes to prepare"", ""priority"": ""high""}]}, ""refreshment_suggestions"": [{""name"": ""Masala Chai"", ""price"": 3.5, ""reason"": ""Perfect for longer waits""}, {""name"": ""Mango Lassi"", ""price"": 4.0, ""reason"": ""Refreshing yogurt drink""}], ""optimization_strategies"": [{""type"": ""queue_optimization"", ""title"": ""Queue Management"", ""message"": ""You are #23 in the queue"", ""suggestions"": [""Consider simpler order"", ""Add refreshment drink""]}]}","{""context_intelligence"": {""shown"": 2, ""accepted"": 2, ""rejected"": 0}, ""preference_learning"": {""shown"": 2, ""accepted"": 2, ""rejected"": 0}, ""preparation_time"": {""shown"": 2, ""accepted"": 0, ""rejected"": 0}}",0,0,0,1752266659.7372532,1752266672.1517966,14.568632891881078,1752266659.7413208,1752266666.2281895,9.72422720303096,1752266659.741329,1752266667.9095778,5.392908819664094,1752266659.74528,1752266666.0406146,12.561474042881402,1752266659.77679,1752266670.401466,13.587471412326334,1752266659.776885,1752266666.120774,12.986900294697598
P004_traditional_1,Participant P004,P004@experiment.com,,2025-07-11T15:44:21.549800,traditional,angry,{},null,"{""context_intelligence"": {""shown"": 0, ""accepted"": 0, ""rejected"": 0}, ""preference_learning"": {""shown"": 0, ""accepted"": 0, ""rejected"": 0}, ""preparation_time"": {""shown"": 0, ""accepted"": 0, ""rejected"": 0}}",0,0,0,1752266661.545075,1752266674.7446682,7.703121842307362,1752266661.546995,1752266674.546129,8.916315945543834,1752266661.546997,1752266674.9868727,5.450702886485209,1752266661.5470002,1752266671.2659197,12.228638989712085,1752266661.54706,1752266674.9468653,11.703659260904933
P001_emotion_responsive_3,Participant P001,P001@experiment.com,,2025-07-11T15:44:21.892658,emotion_responsive,sad,{},"{""success"": true, ""agents_called"": [""context_intelligence"", ""preference_learning"", ""preparation_time""], ""preparation_time"": {""total_minutes"": 57, ""ready_time"": ""16:41"", ""formatted_duration"": ""00:57"", ""queue_position"": 34, ""complexity_multiplier"": 1.2, ""queue_multiplier"": 2.0, ""additional_wait_time"": 0, ""unavailable_items"": [], ""low_stock_items"": [""Malai Masala""], ""preparing_items"": []}, ""recommendations"": {""context_intelligence"": [{""type"": ""context_intelligence"", ""title"": ""Inventory-Aware Suggestion"", ""message"": ""Queue position: #34"", ""priority"": ""medium""}], ""preference_learning"": [{""type"": ""preference_learning"", ""title"": ""Your Favorite Protein"", ""message"": ""Based on your 2 previous orders, you love Chicken dishes"", ""priority"": ""high"", ""confidence"": 0.2, ""reasoning"": ""You've ordered chicken 0 times""}, {""type"": ""preference_learning"", ""title"": ""Popular Among Similar Users"", ""message"": ""Users with similar tastes love our signature dishes"", ""priority"": ""medium"", ""confidence"": 0.7, ""reasoning"": ""Based on 3 similar users""}, {""type"": ""preference_learning"", ""title"": ""Morning Preference"", ""message"": ""Perfect morning fuel based on your preferences"", ""priority"": ""low"", ""confidence"": 0.6, ""reasoning"": ""Optimized for morning consumption""}], ""preparation_time"": [{""type"": ""preparation_time"", ""title"": ""Preparation Time Estimate"", ""message"": ""Your order will be ready at 16:41"", ""priority"": ""high""}]}, ""refreshment_suggestions"": [{""name"": ""Masala Chai"", ""price"": 3.5, ""reason"": ""Perfect for longer waits""}, {""name"": ""Mango Lassi"", ""price"": 4.0, ""reason"": ""Refreshing yogurt drink""}], ""optimization_strategies"": [{""type"": ""queue_optimization"", ""title"": ""Queue Management"", ""message"": ""You are #34 in the queue"", ""suggestions"": [""Consider simpler order"", ""Add refreshment drink""]}]}","{""context_intelligence"": {""shown"": 1, ""accepted"": 1, ""rejected"": 0}, ""preference_learning"": {""shown"": 3, ""accepted"": 3, ""rejected"": 0}, ""preparation_time"": {""shown"": 1, ""accepted"": 1, ""rejected"": 0}}",0,0,0,1752266661.867947,1752266668.1816428,6.613976332303495,1752266661.8695931,1752266669.2393706,7.833873232072972,1752266661.8695948,1752266671.787658,11.975213733491973,1752266661.871831,1752266667.9165595,10.296940845759966,1752266661.890435,1752266668.053619,9.363613106998313,1752266661.89052,1752266670.706867,8.335226419938113
P004_traditional_2,Participant P004,P004@experiment.com,,2025-07-11T15:44:23.029613,traditional,stressed,{},null,"{""context_intelligence"": {""shown"": 0, ""accepted"": 0, ""rejected"": 0}, ""preference_learning"": {""shown"": 0, ""accepted"": 0, ""rejected"": 0}, ""preparation_time"": {""shown"": 0, ""accepted"": 0, ""rejected"": 0}}",0,0,0,1752266663.0243788,1752266677.158846,14.389604676559426,1752266663.0262568,1752266669.0137773,14.025229490277257,1752266663.026258,1752266668.1022348,13.946991155817647,1752266663.026261,1752266673.7895446,6.949461851648222,1752266663.026324,1752266676.0886402,11.426630502917
P001_emotion_responsive_4,Participant P001,P001@experiment.com,,2025-07-11T15:44:24.268277,emotion_responsive,neutral,{},"{""success"": true, ""agents_called"": [""context_intelligence"", ""preference_learning"", ""preparation_time""], ""preparation_time"": {""total_minutes"": 58, ""ready_time"": ""16:42"", ""formatted_duration"": ""00:58"", ""queue_position"": 22, ""complexity_multiplier"": 1.7, ""queue_multiplier"": 1.5, ""additional_wait_time"": 11, ""unavailable_items"": [], ""low_stock_items"": [""Lemon""], ""preparing_items"": [""Curry Special""]}, ""recommendations"": {""context_intelligence"": [{""type"": ""context_intelligence"", ""title"": ""Inventory-Aware Suggestion"", ""message"": ""Queue position: #22"", ""priority"": ""medium""}, {""type"": ""context_intelligence"", ""title"": ""Items Being Prepared"", ""message"": ""These items are being prepared: Curry Special"", ""priority"": ""medium""}], ""preference_learning"": [{""type"": ""preference_learning"", ""title"": ""Your Favorite Protein"", ""message"": ""Based on your 3 previous orders, you love Chicken dishes"", ""priority"": ""high"", ""confidence"": 0.30000000000000004, ""reasoning"": ""You've ordered chicken 0 times""}, {""type"": ""preference_learning"", ""title"": ""Popular Among Similar Users"", ""message"": ""Users with similar tastes love our signature dishes"", ""priority"": ""medium"", ""confidence"": 0.7, ""reasoning"": ""Based on 3 similar users""}], ""preparation_time"": [{""type"": ""preparation_time"", ""title"": ""Preparation Time Estimate"", ""message"": ""Your order will be ready at 16:42"", ""priority"": ""high""}, {""type"": ""preparation_time"", ""title"": ""Additional Wait Time"", ""message"": ""Some ingredients need 11 more minutes to prepare"", ""priority"": ""high""}]}, ""refreshment_suggestions"": [{""name"": ""Masala Chai"", ""price"": 3.5, ""reason"": ""Perfect for longer waits""}, {""name"": ""Mango Lassi"", ""price"": 4.0, ""reason"": ""Refreshing yogurt drink""}], ""optimization_strategies"": [{""type"": ""queue_optimization"", ""title"": ""Queue Management"", ""message"": ""You are #22 in the queue"", ""suggestions"": [""Consider simpler order"", ""Add refreshment drink""]}]}","{""context_intelligence"": {""shown"": 2, ""accepted"": 0, ""rejected"": 0}, ""preference_learning"": {""shown"": 2, ""accepted"": 2, ""rejected"": 0}, ""preparation_time"": {""shown"": 2, ""accepted"": 2, ""rejected"": 0}}",0,0,0,1752266664.225455,1752266678.9511132,11.652396781030326,1752266664.228492,1752266673.4227164,12.924503533177273,1752266664.228498,1752266676.3206038,12.936195072345004,1752266664.233948,1752266671.9316027,5.76944162353442,1752266664.26581,1752266670.8785172,9.353795769100634,1752266664.265905,1752266676.9703329,6.357253523185937
P004_traditional_3,Participant P004,P004@experiment.com,,2025-07-11T15:44:24.754782,traditional,happy,{},null,"{""context_intelligence"": {""shown"": 0, ""accepted"": 0, ""rejected"": 0}, ""preference_learning"": {""shown"": 0, ""accepted"": 0, ""rejected"": 0}, ""preparation_time"": {""shown"": 0, ""accepted"": 0, ""rejected"": 0}}",0,0,0,1752266664.747259,1752266678.2071385,11.259289984855869,1752266664.750632,1752266674.7677186,9.416981223433885,1752266664.750635,1752266674.428288,14.001441638538655,1752266664.7506402,1752266669.9429238,9.906257821650897,1752266664.750734,1752266678.9032385,10.986868112665336
P001_emotion_responsive_5,Participant P001,P001@experiment.com,,2025-07-11T15:44:25.839648,emotion_responsive,tired,{},"{""success"": true, ""agents_called"": [""context_intelligence"", ""preference_learning"", ""preparation_time""], ""preparation_time"": {""total_minutes"": 26, ""ready_time"": ""16:10"", ""formatted_duration"": ""00:26"", ""queue_position"": 12, ""complexity_multiplier"": 1.1, ""queue_multiplier"": 1.2, ""additional_wait_time"": 0, ""unavailable_items"": [], ""low_stock_items"": [], ""preparing_items"": []}, ""recommendations"": {""context_intelligence"": [{""type"": ""context_intelligence"", ""title"": ""Inventory-Aware Suggestion"", ""message"": ""Queue position: #12"", ""priority"": ""medium""}], ""preference_learning"": [{""type"": ""preference_learning"", ""title"": ""Your Favorite Protein"", ""message"": ""Based on your 4 previous orders, you love Chicken dishes"", ""priority"": ""high"", ""confidence"": 0.4, ""reasoning"": ""You've ordered chicken 0 times""}, {""type"": ""preference_learning"", ""title"": ""Popular Among Similar Users"", ""message"": ""Users with similar tastes love our signature dishes"", ""priority"": ""medium"", ""confidence"": 0.7, ""reasoning"": ""Based on 3 similar users""}, {""type"": ""preference_learning"", ""title"": ""Morning Preference"", ""message"": ""Perfect morning fuel based on your preferences"", ""priority"": ""low"", ""confidence"": 0.6, ""reasoning"": ""Optimized for morning consumption""}], ""preparation_time"": [{""type"": ""preparation_time"", ""title"": ""Preparation Time Estimate"", ""message"": ""Your order will be ready at 16:10"", ""priority"": ""high""}]}, ""refreshment_suggestions"": [{""name"": ""Masala Chai"", ""price"": 3.5, ""reason"": ""Perfect for longer waits""}, {""name"": ""Mango Lassi"", ""price"": 4.0, ""reason"": ""Refreshing yogurt drink""}], ""optimization_strategies"": []}","{""context_intelligence"": {""shown"": 1, ""accepted"": 0, ""rejected"": 0}, ""preference_learning"": {""shown"": 3, ""accepted"": 3, ""rejected"": 0}, ""preparation_time"": {""shown"": 1, ""accepted"": 1, ""rejected"": 0}}",0,0,0,1752266665.802736,1752266673.6225371,12.8183705007256,1752266665.8058681,1752266679.6200514,8.880975246715181,1752266665.8058739,1752266672.21129,10.118240757054332,1752266665.809255,1752266678.6360974,9.122208599940361,1752266665.837337,1752266672.1015937,8.91138657058056,1752266665.8374321,1752266672.559098,10.842027765990458
P004_traditional_4,Participant P004,P004@experiment.com,,2025-07-11T15:44:25.964967,traditional,sad,{},null,"{""context_intelligence"": {""shown"": 0, ""accepted"": 0, ""rejected"": 0}, ""preference_learning"": {""shown"": 0, ""accepted"": 0, ""rejected"": 0}, ""preparation_time"": {""shown"": 0, ""accepted"": 0, ""rejected"": 0}}",0,0,0,1752266665.95914,1752266677.555786,5.047484890309789,1752266665.9608479,1752266675.3066425,7.357699948821226,1752266665.9608681,1752266674.1220925,7.533052030405328,1752266665.960872,1752266676.5318015,5.745223149229265,1752266665.960938,1752266679.1315014,12.333424182353028
P001_traditional_1,Participant P001,P001@experiment.com,,2025-07-11T15:44:27.961528,traditional,surprised,{},null,"{""context_intelligence"": {""shown"": 0, ""accepted"": 0, ""rejected"": 0}, ""preference_learning"": {""shown"": 0, ""accepted"": 0, ""rejected"": 0}, ""preparation_time"": {""shown"": 0, ""accepted"": 0, ""rejected"": 0}}",0,0,0,1752266667.9571352,1752266680.7805977,11.412335760244602,1752266667.958753,1752266677.3828654,8.185189777884256,1752266667.958755,1752266674.6123912,11.155350826356399,1752266667.9587572,1752266673.2239912,8.70183959380665,1752266667.95881,1752266679.7074857,8.28815087185609
P004_traditional_5,Participant P004,P004@experiment.com,,2025-07-11T15:44:28.614641,traditional,tired,{},null,"{""context_intelligence"": {""shown"": 0, ""accepted"": 0, ""rejected"": 0}, ""preference_learning"": {""shown"": 0, ""accepted"": 0, ""rejected"": 0}, ""preparation_time"": {""shown"": 0, ""accepted"": 0, ""rejected"": 0}}",0,0,0,1752266668.606667,1752266679.5632367,5.26149216460435,1752266668.609306,1752266676.1580667,14.684228139862478,1752266668.609308,1752266674.4456532,9.051163390416741,1752266668.609312,1752266677.7240617,7.918918161207344,1752266668.60941,1752266683.006135,9.183433202515273
P001_traditional_2,Participant P001,P001@experiment.com,,2025-07-11T15:44:29.202900,traditional,tired,{},null,"{""context_intelligence"": {""shown"": 0, ""accepted"": 0, ""rejected"": 0}, ""preference_learning"": {""shown"": 0, ""accepted"": 0, ""rejected"": 0}, ""preparation_time"": {""shown"": 0, ""accepted"": 0, ""rejected"": 0}}",0,0,0,1752266669.1959229,1752266674.5752769,12.574379839225724,1752266669.199191,1752266674.4299138,12.54763998589355,1752266669.199214,1752266681.064393,10.442435356416947,1752266669.199234,1752266678.5475733,12.168140974843602,1752266669.199411,1752266681.716057,9.110279800274775
P001_traditional_3,Participant P001,P001@experiment.com,,2025-07-11T15:44:30.740530,traditional,surprised,{},null,"{""context_intelligence"": {""shown"": 0, ""accepted"": 0, ""rejected"": 0}, ""preference_learning"": {""shown"": 0, ""accepted"": 0, ""rejected"": 0}, ""preparation_time"": {""shown"": 0, ""accepted"": 0, ""rejected"": 0}}",0,0,0,1752266670.736215,1752266676.375485,6.505161704584266,1752266670.7380679,1752266679.8000286,12.548439732054039,1752266670.738069,1752266683.4639463,7.4018317066420884,1752266670.7380722,1752266676.481771,5.116486120854798,1752266670.738144,1752266676.3686347,12.740660310039814
P005_emotion_responsive_1,Participant P005,P005@experiment.com,,2025-07-11T15:44:31.334241,emotion_responsive,stressed,{},"{""success"": true, ""agents_called"": [""context_intelligence"", ""preference_learning"", ""preparation_time""], ""preparation_time"": {""total_minutes"": 65, ""ready_time"": ""16:49"", ""formatted_duration"": ""01:05"", ""queue_position"": 42, ""complexity_multiplier"": 1.3, ""queue_multiplier"": 2.0, ""additional_wait_time"": 0, ""unavailable_items"": [], ""low_stock_items"": [""Malai Masala""], ""preparing_items"": []}, ""recommendations"": {""context_intelligence"": [{""type"": ""context_intelligence"", ""title"": ""Inventory-Aware Suggestion"", ""message"": ""Queue position: #42"", ""priority"": ""medium""}], ""preference_learning"": [{""type"": ""preference_learning"", ""title"": ""Most Popular Choice"", ""message"": ""Our most loved dish by all customers"", ""priority"": ""medium"", ""confidence"": 0.6, ""reasoning"": ""Based on overall popularity""}, {""type"": ""preference_learning"", ""title"": ""Chef's Recommendation"", ""message"": ""Our signature dish with perfect balance"", ""priority"": ""medium"", ""confidence"": 0.7, ""reasoning"": ""Chef's special selection""}], ""preparation_time"": [{""type"": ""preparation_time"", ""title"": ""Preparation Time Estimate"", ""message"": ""Your order will be ready at 16:49"", ""priority"": ""high""}]}, ""refreshment_suggestions"": [{""name"": ""Masala Chai"", ""price"": 3.5, ""reason"": ""Perfect for longer waits""}, {""name"": ""Mango Lassi"", ""price"": 4.0, ""reason"": ""Refreshing yogurt drink""}], ""optimization_strategies"": [{""type"": ""queue_optimization"", ""title"": ""Queue Management"", ""message"": ""You are #42 in the queue"", ""suggestions"": [""Consider simpler order"", ""Add refreshment drink""]}]}","{""context_intelligence"": {""shown"": 1, ""accepted"": 0, ""rejected"": 0}, ""preference_learning"": {""shown"": 2, ""accepted"": 2, ""rejected"": 0}, ""preparation_time"": {""shown"": 1, ""accepted"": 1, ""rejected"": 0}}",0,0,0,1752266671.3094442,1752266684.0786877,5.2029991694357305,1752266671.311303,1752266679.3667746,13.006556396060947,1752266671.311307,1752266683.544088,9.622125431869542,1752266671.314126,1752266676.4107616,13.528665781061356,1752266671.331309,1752266679.102773,7.3690873929153415,1752266671.3314009,1752266678.2635424,10.155848211855403
P001_traditional_4,Participant P001,P001@experiment.com,,2025-07-11T15:44:31.909996,traditional,sad,{},null,"{""context_intelligence"": {""shown"": 0, ""accepted"": 0, ""rejected"": 0}, ""preference_learning"": {""shown"": 0, ""accepted"": 0, ""rejected"": 0}, ""preparation_time"": {""shown"": 0, ""accepted"": 0, ""rejected"": 0}}",0,0,0,1752266671.905761,1752266680.8325334,9.277308425373601,1752266671.907564,1752266678.6294165,5.397829200162806,1752266671.907566,1752266679.3628528,14.528929101072826,1752266671.90757,1752266683.142699,12.016359492121575,1752266671.907638,1752266681.6844933,10.904537170461076
P005_emotion_responsive_2,Participant P005,P005@experiment.com,,2025-07-11T15:44:34.015530,emotion_responsive,neutral,{},"{""success"": true, ""agents_called"": [""context_intelligence"", ""preference_learning"", ""preparation_time""], ""preparation_time"": {""total_minutes"": 32, ""ready_time"": ""16:16"", ""formatted_duration"": ""00:32"", ""queue_position"": 10, ""complexity_multiplier"": 2.0, ""queue_multiplier"": 1.2, ""additional_wait_time"": 0, ""unavailable_items"": [], ""low_stock_items"": [""Malai Masala""], ""preparing_items"": [""Mint""]}, ""recommendations"": {""context_intelligence"": [{""type"": ""context_intelligence"", ""title"": ""Inventory-Aware Suggestion"", ""message"": ""Queue position: #10"", ""priority"": ""medium""}, {""type"": ""context_intelligence"", ""title"": ""Items Being Prepared"", ""message"": ""These items are being prepared: Mint"", ""priority"": ""medium""}], ""preference_learning"": [{""type"": ""preference_learning"", ""title"": ""Your Favorite Protein"", ""message"": ""Based on your 1 previous orders, you love Chicken dishes"", ""priority"": ""high"", ""confidence"": 0.1, ""reasoning"": ""You've ordered chicken 0 times""}, {""type"": ""preference_learning"", ""title"": ""Popular Among Similar Users"", ""message"": ""Users with similar tastes love our signature dishes"", ""priority"": ""medium"", ""confidence"": 0.7, ""reasoning"": ""Based on 3 similar users""}, {""type"": ""preference_learning"", ""title"": ""Morning Preference"", ""message"": ""Perfect morning fuel based on your preferences"", ""priority"": ""low"", ""confidence"": 0.6, ""reasoning"": ""Optimized for morning consumption""}], ""preparation_time"": [{""type"": ""preparation_time"", ""title"": ""Preparation Time Estimate"", ""message"": ""Your order will be ready at 16:16"", ""priority"": ""high""}]}, ""refreshment_suggestions"": [{""name"": ""Masala Chai"", ""price"": 3.5, ""reason"": ""Perfect for longer waits""}, {""name"": ""Mango Lassi"", ""price"": 4.0, ""reason"": ""Refreshing yogurt drink""}], ""optimization_strategies"": []}","{""context_intelligence"": {""shown"": 2, ""accepted"": 0, ""rejected"": 0}, ""preference_learning"": {""shown"": 3, ""accepted"": 0, ""rejected"": 0}, ""preparation_time"": {""shown"": 1, ""accepted"": 1, ""rejected"": 0}}",0,0,0,1752266673.973181,1752266685.5032418,8.408474589537763,1752266673.976918,1752266683.4880366,11.560600638257768,1752266673.976925,1752266685.8062127,10.891915078565013,1752266673.981479,1752266684.0828338,11.139368834246833,1752266674.012324,1752266681.0629764,14.519108810902068,1752266674.012457,1752266680.40756,5.207505100285088
P001_traditional_5,Participant P001,P001@experiment.com,,2025-07-11T15:44:34.775182,traditional,tired,{},null,"{""context_intelligence"": {""shown"": 0, ""accepted"": 0, ""rejected"": 0}, ""preference_learning"": {""shown"": 0, ""accepted"": 0, ""rejected"": 0}, ""preparation_time"": {""shown"": 0, ""accepted"": 0, ""rejected"": 0}}",0,0,0,1752266674.767762,1752266682.5574105,10.384447757421036,1752266674.771023,1752266682.5671525,13.474597349170788,1752266674.771025,1752266680.557802,5.530502653788373,1752266674.771032,1752266683.486409,6.194441337144587,1752266674.771159,1752266684.037327,8.566631938453584
P005_emotion_responsive_3,Participant P005,P005@experiment.com,,2025-07-11T15:44:35.281986,emotion_responsive,neutral,{},"{""success"": true, ""agents_called"": [""context_intelligence"", ""preference_learning"", ""preparation_time""], ""preparation_time"": {""total_minutes"": 56, ""ready_time"": ""16:40"", ""formatted_duration"": ""00:56"", ""queue_position"": 35, ""complexity_multiplier"": 1.1, ""queue_multiplier"": 2.0, ""additional_wait_time"": 0, ""unavailable_items"": [""Curry Masala""], ""low_stock_items"": [], ""preparing_items"": []}, ""recommendations"": {""context_intelligence"": [{""type"": ""context_intelligence"", ""title"": ""Inventory-Aware Suggestion"", ""message"": ""Queue position: #35"", ""priority"": ""medium""}, {""type"": ""context_intelligence"", ""title"": ""Unavailable Items"", ""message"": ""These items are currently out of stock: Curry Masala"", ""priority"": ""high""}], ""preference_learning"": [{""type"": ""preference_learning"", ""title"": ""Your Favorite Protein"", ""message"": ""Based on your 2 previous orders, you love Chicken dishes"", ""priority"": ""high"", ""confidence"": 0.2, ""reasoning"": ""You've ordered chicken 0 times""}, {""type"": ""preference_learning"", ""title"": ""Popular Among Similar Users"", ""message"": ""Users with similar tastes love our signature dishes"", ""priority"": ""medium"", ""confidence"": 0.7, ""reasoning"": ""Based on 3 similar users""}, {""type"": ""preference_learning"", ""title"": ""Morning Preference"", ""message"": ""Perfect morning fuel based on your preferences"", ""priority"": ""low"", ""confidence"": 0.6, ""reasoning"": ""Optimized for morning consumption""}], ""preparation_time"": [{""type"": ""preparation_time"", ""title"": ""Preparation Time Estimate"", ""message"": ""Your order will be ready at 16:40"", ""priority"": ""high""}]}, ""refreshment_suggestions"": [{""name"": ""Masala Chai"", ""price"": 3.5, ""reason"": ""Perfect for longer waits""}, {""name"": ""Mango Lassi"", ""price"": 4.0, ""reason"": ""Refreshing yogurt drink""}], ""optimization_strategies"": [{""type"": ""queue_optimization"", ""title"": ""Queue Management"", ""message"": ""You are #35 in the queue"", ""suggestions"": [""Consider simpler order"", ""Add refreshment drink""]}]}","{""context_intelligence"": {""shown"": 2, ""accepted"": 2, ""rejected"": 0}, ""preference_learning"": {""shown"": 3, ""accepted"": 0, ""rejected"": 0}, ""preparation_time"": {""shown"": 1, ""accepted"": 1, ""rejected"": 0}}",0,0,0,1752266675.2380102,1752266687.1735303,14.722613101334197,1752266675.242243,1752266689.5075293,7.843593362695019,1752266675.24225,1752266682.4256663,9.881385655674483,1752266675.247083,1752266686.0999184,14.997030604388746,1752266675.278718,1752266681.4034073,8.289672546330952,1752266675.278835,1752266682.9235513,10.314563114774126
P002_emotion_responsive_1,Participant P002,P002@experiment.com,,2025-07-11T15:44:37.280038,emotion_responsive,happy,{},"{""success"": true, ""agents_called"": [""context_intelligence"", ""preference_learning"", ""preparation_time""], ""preparation_time"": {""total_minutes"": 40, ""ready_time"": ""16:24"", ""formatted_duration"": ""00:40"", ""queue_position"": 22, ""complexity_multiplier"": 1.1, ""queue_multiplier"": 1.5, ""additional_wait_time"": 0, ""unavailable_items"": [], ""low_stock_items"": [], ""preparing_items"": []}, ""recommendations"": {""context_intelligence"": [{""type"": ""context_intelligence"", ""title"": ""Inventory-Aware Suggestion"", ""message"": ""Queue position: #22"", ""priority"": ""medium""}], ""preference_learning"": [{""type"": ""preference_learning"", ""title"": ""Your Favorite Protein"", ""message"": ""Based on your 8 previous orders, you love Chicken dishes"", ""priority"": ""high"", ""confidence"": 0.8, ""reasoning"": ""You've ordered chicken 0 times""}, {""type"": ""preference_learning"", ""title"": ""Popular Among Similar Users"", ""message"": ""Users with similar tastes love our signature dishes"", ""priority"": ""medium"", ""confidence"": 0.7, ""reasoning"": ""Based on 3 similar users""}, {""type"": ""preference_learning"", ""title"": ""Morning Preference"", ""message"": ""Perfect morning fuel based on your preferences"", ""priority"": ""low"", ""confidence"": 0.6, ""reasoning"": ""Optimized for morning consumption""}], ""preparation_time"": [{""type"": ""preparation_time"", ""title"": ""Preparation Time Estimate"", ""message"": ""Your order will be ready at 16:24"", ""priority"": ""high""}]}, ""refreshment_suggestions"": [{""name"": ""Masala Chai"", ""price"": 3.5, ""reason"": ""Perfect for longer waits""}, {""name"": ""Mango Lassi"", ""price"": 4.0, ""reason"": ""Refreshing yogurt drink""}], ""optimization_strategies"": [{""type"": ""queue_optimization"", ""title"": ""Queue Management"", ""message"": ""You are #22 in the queue"", ""suggestions"": [""Consider simpler order"", ""Add refreshment drink""]}]}","{""context_intelligence"": {""shown"": 1, ""accepted"": 1, ""rejected"": 0}, ""preference_learning"": {""shown"": 3, ""accepted"": 3, ""rejected"": 0}, ""preparation_time"": {""shown"": 1, ""accepted"": 1, ""rejected"": 0}}",0,0,0,1752266677.240416,1752266690.7285917,12.147056085244035,1752266677.244064,1752266690.3642795,9.481066965191115,1752266677.244072,1752266691.8329098,14.933625048310224,1752266677.249322,1752266689.6653488,10.786201836327637,1752266677.276721,1752266690.8322773,12.326776518050586,1752266677.276824,1752266685.460232,14.728204598569153
P005_emotion_responsive_4,Participant P005,P005@experiment.com,,2025-07-11T15:44:37.917726,emotion_responsive,happy,{},"{""success"": true, ""agents_called"": [""context_intelligence"", ""preference_learning"", ""preparation_time""], ""preparation_time"": {""total_minutes"": 31, ""ready_time"": ""16:15"", ""formatted_duration"": ""00:31"", ""queue_position"": 12, ""complexity_multiplier"": 1.6, ""queue_multiplier"": 1.2, ""additional_wait_time"": 0, ""unavailable_items"": [""Curry Masala""], ""low_stock_items"": [""Lemon""], ""preparing_items"": []}, ""recommendations"": {""context_intelligence"": [{""type"": ""context_intelligence"", ""title"": ""Inventory-Aware Suggestion"", ""message"": ""Queue position: #12"", ""priority"": ""medium""}, {""type"": ""context_intelligence"", ""title"": ""Unavailable Items"", ""message"": ""These items are currently out of stock: Curry Masala"", ""priority"": ""high""}], ""preference_learning"": [{""type"": ""preference_learning"", ""title"": ""Your Favorite Protein"", ""message"": ""Based on your 3 previous orders, you love Chicken dishes"", ""priority"": ""high"", ""confidence"": 0.30000000000000004, ""reasoning"": ""You've ordered chicken 0 times""}, {""type"": ""preference_learning"", ""title"": ""Popular Among Similar Users"", ""message"": ""Users with similar tastes love our signature dishes"", ""priority"": ""medium"", ""confidence"": 0.7, ""reasoning"": ""Based on 3 similar users""}], ""preparation_time"": [{""type"": ""preparation_time"", ""title"": ""Preparation Time Estimate"", ""message"": ""Your order will be ready at 16:15"", ""priority"": ""high""}]}, ""refreshment_suggestions"": [{""name"": ""Masala Chai"", ""price"": 3.5, ""reason"": ""Perfect for longer waits""}, {""name"": ""Mango Lassi"", ""price"": 4.0, ""reason"": ""Refreshing yogurt drink""}], ""optimization_strategies"": []}","{""context_intelligence"": {""shown"": 2, ""accepted"": 2, ""rejected"": 0}, ""preference_learning"": {""shown"": 2, ""accepted"": 0, ""rejected"": 0}, ""preparation_time"": {""shown"": 1, ""accepted"": 1, ""rejected"": 0}}",0,0,0,1752266677.892809,1752266691.7031424,7.223280824739991,1752266677.894336,1752266689.5553133,13.101061123285758,1752266677.89434,1752266685.6807275,5.191928905961657,1752266677.896957,1752266688.293355,10.4990552699634,1752266677.915485,1752266688.726437,5.672078297887286,1752266677.9155688,1752266686.7274685,10.131526131038324
P005_emotion_responsive_5,Participant P005,P005@experiment.com,,2025-07-11T15:44:39.210187,emotion_responsive,neutral,{},"{""success"": true, ""agents_called"": [""context_intelligence"", ""preference_learning"", ""preparation_time""], ""preparation_time"": {""total_minutes"": 23, ""ready_time"": ""16:07"", ""formatted_duration"": ""00:23"", ""queue_position"": 6, ""complexity_multiplier"": 1.5, ""queue_multiplier"": 1.2, ""additional_wait_time"": 0, ""unavailable_items"": [""Curry Masala""], ""low_stock_items"": [], ""preparing_items"": []}, ""recommendations"": {""context_intelligence"": [{""type"": ""context_intelligence"", ""title"": ""Inventory-Aware Suggestion"", ""message"": ""Queue position: #6"", ""priority"": ""medium""}, {""type"": ""context_intelligence"", ""title"": ""Unavailable Items"", ""message"": ""These items are currently out of stock: Curry Masala"", ""priority"": ""high""}], ""preference_learning"": [{""type"": ""preference_learning"", ""title"": ""Your Favorite Protein"", ""message"": ""Based on your 4 previous orders, you love Chicken dishes"", ""priority"": ""high"", ""confidence"": 0.4, ""reasoning"": ""You've ordered chicken 0 times""}, {""type"": ""preference_learning"", ""title"": ""Popular Among Similar Users"", ""message"": ""Users with similar tastes love our signature dishes"", ""priority"": ""medium"", ""confidence"": 0.7, ""reasoning"": ""Based on 3 similar users""}], ""preparation_time"": [{""type"": ""preparation_time"", ""title"": ""Preparation Time Estimate"", ""message"": ""Your order will be ready at 16:07"", ""priority"": ""high""}]}, ""refreshment_suggestions"": [{""name"": ""Masala Chai"", ""price"": 3.5, ""reason"": ""Perfect for longer waits""}, {""name"": ""Mango Lassi"", ""price"": 4.0, ""reason"": ""Refreshing yogurt drink""}], ""optimization_strategies"": []}","{""context_intelligence"": {""shown"": 2, ""accepted"": 2, ""rejected"": 0}, ""preference_learning"": {""shown"": 2, ""accepted"": 2, ""rejected"": 0}, ""preparation_time"": {""shown"": 1, ""accepted"": 1, ""rejected"": 0}}",0,0,0,1752266679.17118,1752266691.0056798,7.079273138949204,1752266679.174975,1752266686.3874884,9.370191491622847,1752266679.174983,1752266692.9419901,8.830178003535512,1752266679.179744,1752266686.5050857,11.08287147135556,1752266679.207625,1752266691.7033005,5.610805371442078,1752266679.207726,1752266690.6745176,12.514311665215821
P002_emotion_responsive_2,Participant P002,P002@experiment.com,,2025-07-11T15:44:39.646432,emotion_responsive,tired,{},"{""success"": true, ""agents_called"": [""context_intelligence"", ""preference_learning"", ""preparation_time""], ""preparation_time"": {""total_minutes"": 68, ""ready_time"": ""16:52"", ""formatted_duration"": ""01:08"", ""queue_position"": 50, ""complexity_multiplier"": 1.1, ""queue_multiplier"": 2.0, ""additional_wait_time"": 0, ""unavailable_items"": [""Curry Masala""], ""low_stock_items"": [], ""preparing_items"": []}, ""recommendations"": {""context_intelligence"": [{""type"": ""context_intelligence"", ""title"": ""Inventory-Aware Suggestion"", ""message"": ""Queue position: #50"", ""priority"": ""medium""}, {""type"": ""context_intelligence"", ""title"": ""Unavailable Items"", ""message"": ""These items are currently out of stock: Curry Masala"", ""priority"": ""high""}], ""preference_learning"": [{""type"": ""preference_learning"", ""title"": ""Your Favorite Protein"", ""message"": ""Based on your 9 previous orders, you love Chicken dishes"", ""priority"": ""high"", ""confidence"": 0.9, ""reasoning"": ""You've ordered chicken 0 times""}, {""type"": ""preference_learning"", ""title"": ""Popular Among Similar Users"", ""message"": ""Users with similar tastes love our signature dishes"", ""priority"": ""medium"", ""confidence"": 0.7, ""reasoning"": ""Based on 3 similar users""}], ""preparation_time"": [{""type"": ""preparation_time"", ""title"": ""Preparation Time Estimate"", ""message"": ""Your order will be ready at 16:52"", ""priority"": ""high""}]}, ""refreshment_suggestions"": [{""name"": ""Masala Chai"", ""price"": 3.5, ""reason"": ""Perfect for longer waits""}, {""name"": ""Mango Lassi"", ""price"": 4.0, ""reason"": ""Refreshing yogurt drink""}], ""optimization_strategies"": [{""type"": ""queue_optimization"", ""title"": ""Queue Management"", ""message"": ""You are #50 in the queue"", ""suggestions"": [""Consider simpler order"", ""Add refreshment drink""]}]}","{""context_intelligence"": {""shown"": 2, ""accepted"": 2, ""rejected"": 0}, ""preference_learning"": {""shown"": 2, ""accepted"": 2, ""rejected"": 0}, ""preparation_time"": {""shown"": 1, ""accepted"": 1, ""rejected"": 0}}",0,0,0,1752266679.6062348,1752266692.8807542,6.95864322464526,1752266679.609629,1752266690.9550464,6.051068647697041,1752266679.609635,1752266689.7284856,7.745813301148533,1752266679.614657,1752266693.9186153,9.608584628880926,1752266679.643083,1752266685.9686139,9.484747322512344,1752266679.6431859,1752266685.5318873,11.92066652069666
P005_traditional_1,Participant P005,P005@experiment.com,,2025-07-11T15:44:41.781284,traditional,tired,{},null,"{""context_intelligence"": {""shown"": 0, ""accepted"": 0, ""rejected"": 0}, ""preference_learning"": {""shown"": 0, ""accepted"": 0, ""rejected"": 0}, ""preparation_time"": {""shown"": 0, ""accepted"": 0, ""rejected"": 0}}",0,0,0,1752266681.777041,1752266691.9241679,14.779887908506273,1752266681.778837,1752266694.4670918,13.504851393217063,1752266681.778838,1752266688.8433585,12.157064663919506,1752266681.7788422,1752266693.4359715,10.937354012240416,1752266681.778898,1752266688.1790438,11.404050938563273
P002_emotion_responsive_3,Participant P002,P002@experiment.com,,2025-07-11T15:44:42.048372,emotion_responsive,happy,{},"{""success"": true, ""agents_called"": [""context_intelligence"", ""preference_learning"", ""preparation_time""], ""preparation_time"": {""total_minutes"": 69, ""ready_time"": ""16:53"", ""formatted_duration"": ""01:09"", ""queue_position"": 47, ""complexity_multiplier"": 1.3, ""queue_multiplier"": 2.0, ""additional_wait_time"": 0, ""unavailable_items"": [], ""low_stock_items"": [""Lemon""], ""preparing_items"": []}, ""recommendations"": {""context_intelligence"": [{""type"": ""context_intelligence"", ""title"": ""Inventory-Aware Suggestion"", ""message"": ""Queue position: #47"", ""priority"": ""medium""}], ""preference_learning"": [{""type"": ""preference_learning"", ""title"": ""Your Favorite Protein"", ""message"": ""Based on your 10 previous orders, you love Chicken dishes"", ""priority"": ""high"", ""confidence"": 0.9, ""reasoning"": ""You've ordered chicken 0 times""}, {""type"": ""preference_learning"", ""title"": ""Popular Among Similar Users"", ""message"": ""Users with similar tastes love our signature dishes"", ""priority"": ""medium"", ""confidence"": 0.7, ""reasoning"": ""Based on 3 similar users""}], ""preparation_time"": [{""type"": ""preparation_time"", ""title"": ""Preparation Time Estimate"", ""message"": ""Your order will be ready at 16:53"", ""priority"": ""high""}]}, ""refreshment_suggestions"": [{""name"": ""Masala Chai"", ""price"": 3.5, ""reason"": ""Perfect for longer waits""}, {""name"": ""Mango Lassi"", ""price"": 4.0, ""reason"": ""Refreshing yogurt drink""}], ""optimization_strategies"": [{""type"": ""queue_optimization"", ""title"": ""Queue Management"", ""message"": ""You are #47 in the queue"", ""suggestions"": [""Consider simpler order"", ""Add refreshment drink""]}]}","{""context_intelligence"": {""shown"": 1, ""accepted"": 1, ""rejected"": 0}, ""preference_learning"": {""shown"": 2, ""accepted"": 2, ""rejected"": 0}, ""preparation_time"": {""shown"": 1, ""accepted"": 0, ""rejected"": 1}}",0,0,0,1752266682.023263,1752266692.3736632,7.33121900966024,1752266682.025256,1752266694.2969828,5.560541517566651,1752266682.02526,1752266691.8356552,13.319592494334872,1752266682.0285199,1752266688.3122284,13.098445449732127,1752266682.045015,1752266694.5531461,9.927721033065856,1752266682.045141,1752266688.6182,6.948293845480043
P002_emotion_responsive_4,Participant P002,P002@experiment.com,,2025-07-11T15:44:44.256281,emotion_responsive,surprised,{},"{""success"": true, ""agents_called"": [""context_intelligence"", ""preference_learning"", ""preparation_time""], ""preparation_time"": {""total_minutes"": 12, ""ready_time"": ""15:56"", ""formatted_duration"": ""00:12"", ""queue_position"": 1, ""complexity_multiplier"": 1.4, ""queue_multiplier"": 1.0, ""additional_wait_time"": 0, ""unavailable_items"": [""Curry Masala""], ""low_stock_items"": [], ""preparing_items"": []}, ""recommendations"": {""context_intelligence"": [{""type"": ""context_intelligence"", ""title"": ""Inventory-Aware Suggestion"", ""message"": ""Queue position: #1"", ""priority"": ""medium""}, {""type"": ""context_intelligence"", ""title"": ""Unavailable Items"", ""message"": ""These items are currently out of stock: Curry Masala"", ""priority"": ""high""}], ""preference_learning"": [{""type"": ""preference_learning"", ""title"": ""Your Favorite Protein"", ""message"": ""Based on your 11 previous orders, you love Chicken dishes"", ""priority"": ""high"", ""confidence"": 0.9, ""reasoning"": ""You've ordered chicken 0 times""}, {""type"": ""preference_learning"", ""title"": ""Popular Among Similar Users"", ""message"": ""Users with similar tastes love our signature dishes"", ""priority"": ""medium"", ""confidence"": 0.7, ""reasoning"": ""Based on 3 similar users""}, {""type"": ""preference_learning"", ""title"": ""Morning Preference"", ""message"": ""Perfect morning fuel based on your preferences"", ""priority"": ""low"", ""confidence"": 0.6, ""reasoning"": ""Optimized for morning consumption""}], ""preparation_time"": [{""type"": ""preparation_time"", ""title"": ""Preparation Time Estimate"", ""message"": ""Your order will be ready at 15:56"", ""priority"": ""high""}]}, ""refreshment_suggestions"": [{""name"": ""Water"", ""price"": 1.0, ""reason"": ""Stay hydrated""}, {""name"": ""Soda"", ""price"": 2.0, ""reason"": ""Quick refreshment""}], ""optimization_strategies"": []}","{""context_intelligence"": {""shown"": 2, ""accepted"": 2, ""rejected"": 0}, ""preference_learning"": {""shown"": 3, ""accepted"": 3, ""rejected"": 0}, ""preparation_time"": {""shown"": 1, ""accepted"": 1, ""rejected"": 0}}",0,0,0,1752266684.224036,1752266699.1136057,5.420811397767164,1752266684.225683,1752266691.7369938,14.979512449234075,1752266684.225686,1752266691.0539227,6.476664802852819,1752266684.2302961,1752266697.8045318,6.289549007802044,1752266684.253967,1752266698.6579127,13.625947657194265,1752266684.254051,1752266692.8759348,13.509313706335949
P005_traditional_2,Participant P005,P005@experiment.com,,2025-07-11T15:44:44.385467,traditional,tired,{},null,"{""context_intelligence"": {""shown"": 0, ""accepted"": 0, ""rejected"": 0}, ""preference_learning"": {""shown"": 0, ""accepted"": 0, ""rejected"": 0}, ""preparation_time"": {""shown"": 0, ""accepted"": 0, ""rejected"": 0}}",0,0,0,1752266684.382111,1752266698.9887197,5.633175951284736,1752266684.3835242,1752266697.0026443,5.581950443467716,1752266684.3835251,1752266690.8157978,14.366760908947864,1752266684.3835268,1752266696.5272236,11.76499387193057,1752266684.383573,1752266691.5347965,11.854968637451417
P002_emotion_responsive_5,Participant P002,P002@experiment.com,,2025-07-11T15:44:45.516274,emotion_responsive,happy,{},"{""success"": true, ""agents_called"": [""context_intelligence"", ""preference_learning"", ""preparation_time""], ""preparation_time"": {""total_minutes"": 21, ""ready_time"": ""16:05"", ""formatted_duration"": ""00:21"", ""queue_position"": 7, ""complexity_multiplier"": 1.2, ""queue_multiplier"": 1.2, ""additional_wait_time"": 0, ""unavailable_items"": [], ""low_stock_items"": [], ""preparing_items"": []}, ""recommendations"": {""context_intelligence"": [{""type"": ""context_intelligence"", ""title"": ""Inventory-Aware Suggestion"", ""message"": ""Queue position: #7"", ""priority"": ""medium""}], ""preference_learning"": [{""type"": ""preference_learning"", ""title"": ""Your Favorite Protein"", ""message"": ""Based on your 12 previous orders, you love Chicken dishes"", ""priority"": ""high"", ""confidence"": 0.9, ""reasoning"": ""You've ordered chicken 0 times""}, {""type"": ""preference_learning"", ""title"": ""Popular Among Similar Users"", ""message"": ""Users with similar tastes love our signature dishes"", ""priority"": ""medium"", ""confidence"": 0.7, ""reasoning"": ""Based on 3 similar users""}, {""type"": ""preference_learning"", ""title"": ""Morning Preference"", ""message"": ""Perfect morning fuel based on your preferences"", ""priority"": ""low"", ""confidence"": 0.6, ""reasoning"": ""Optimized for morning consumption""}], ""preparation_time"": [{""type"": ""preparation_time"", ""title"": ""Preparation Time Estimate"", ""message"": ""Your order will be ready at 16:05"", ""priority"": ""high""}]}, ""refreshment_suggestions"": [{""name"": ""Masala Chai"", ""price"": 3.5, ""reason"": ""Perfect for longer waits""}, {""name"": ""Mango Lassi"", ""price"": 4.0, ""reason"": ""Refreshing yogurt drink""}], ""optimization_strategies"": []}","{""context_intelligence"": {""shown"": 1, ""accepted"": 1, ""rejected"": 0}, ""preference_learning"": {""shown"": 3, ""accepted"": 0, ""rejected"": 3}, ""preparation_time"": {""shown"": 1, ""accepted"": 1, ""rejected"": 0}}",0,0,0,1752266685.476016,1752266698.8935494,8.152847609470609,1752266685.479729,1752266696.691939,14.019836520291383,1752266685.479738,1752266700.090274,6.1136306313374975,1752266685.4841878,1752266694.7688673,13.87535967229681,1752266685.513081,1752266696.2705564,14.850929241823119,1752266685.513203,1752266697.7181761,14.214125815841177
P005_traditional_3,Participant P005,P005@experiment.com,,2025-07-11T15:44:46.684342,traditional,neutral,{},null,"{""context_intelligence"": {""shown"": 0, ""accepted"": 0, ""rejected"": 0}, ""preference_learning"": {""shown"": 0, ""accepted"": 0, ""rejected"": 0}, ""preparation_time"": {""shown"": 0, ""accepted"": 0, ""rejected"": 0}}",0,0,0,1752266686.6735518,1752266701.5094528,11.219104337604122,1752266686.6776938,1752266699.4102886,10.258575459770553,1752266686.677696,1752266697.501602,7.072992023073846,1752266686.6777012,1752266697.6648798,14.083308249825155,1752266686.677901,1752266701.0307822,14.869232129180718
P005_traditional_4,Participant P005,P005@experiment.com,,2025-07-11T15:44:47.877239,traditional,neutral,{},null,"{""context_intelligence"": {""shown"": 0, ""accepted"": 0, ""rejected"": 0}, ""preference_learning"": {""shown"": 0, ""accepted"": 0, ""rejected"": 0}, ""preparation_time"": {""shown"": 0, ""accepted"": 0, ""rejected"": 0}}",0,0,0,1752266687.873034,1752266695.3142252,14.388195487854126,1752266687.874748,1752266699.3783143,8.301316294263177,1752266687.874749,1752266702.371042,11.824258860540162,1752266687.874752,1752266700.7427464,8.381420110565072,1752266687.874806,1752266700.6198103,13.734345771130078
P005_traditional_5,Participant P005,P005@experiment.com,,2025-07-11T15:44:49.876204,traditional,stressed,{},null,"{""context_intelligence"": {""shown"": 0, ""accepted"": 0, ""rejected"": 0}, ""preference_learning"": {""shown"": 0, ""accepted"": 0, ""rejected"": 0}, ""preparation_time"": {""shown"": 0, ""accepted"": 0, ""rejected"": 0}}",0,0,0,1752266689.862911,1752266702.8001084,6.14267409953773,1752266689.868549,1752266698.4596875,6.893737313953595,1752266689.868553,1752266703.9958735,9.834451515265222,1752266689.868564,1752266696.8219156,14.896830495918852,1752266689.868727,1752266699.989108,14.311888908214215
P006_emotion_responsive_1,Participant P006,P006@experiment.com,,2025-07-11T15:44:52.824477,emotion_responsive,tired,{},"{""success"": true, ""agents_called"": [""context_intelligence"", ""preference_learning"", ""preparation_time""], ""preparation_time"": {""total_minutes"": 61, ""ready_time"": ""16:45"", ""formatted_duration"": ""01:01"", ""queue_position"": 30, ""complexity_multiplier"": 1.4, ""queue_multiplier"": 1.5, ""additional_wait_time"": 10, ""unavailable_items"": [], ""low_stock_items"": [], ""preparing_items"": [""Curry Special""]}, ""recommendations"": {""context_intelligence"": [{""type"": ""context_intelligence"", ""title"": ""Inventory-Aware Suggestion"", ""message"": ""Queue position: #30"", ""priority"": ""medium""}, {""type"": ""context_intelligence"", ""title"": ""Items Being Prepared"", ""message"": ""These items are being prepared: Curry Special"", ""priority"": ""medium""}], ""preference_learning"": [{""type"": ""preference_learning"", ""title"": ""Most Popular Choice"", ""message"": ""Our most loved dish by all customers"", ""priority"": ""medium"", ""confidence"": 0.6, ""reasoning"": ""Based on overall popularity""}, {""type"": ""preference_learning"", ""title"": ""Chef's Recommendation"", ""message"": ""Our signature dish with perfect balance"", ""priority"": ""medium"", ""confidence"": 0.7, ""reasoning"": ""Chef's special selection""}], ""preparation_time"": [{""type"": ""preparation_time"", ""title"": ""Preparation Time Estimate"", ""message"": ""Your order will be ready at 16:45"", ""priority"": ""high""}, {""type"": ""preparation_time"", ""title"": ""Additional Wait Time"", ""message"": ""Some ingredients need 10 more minutes to prepare"", ""priority"": ""high""}]}, ""refreshment_suggestions"": [{""name"": ""Masala Chai"", ""price"": 3.5, ""reason"": ""Perfect for longer waits""}, {""name"": ""Mango Lassi"", ""price"": 4.0, ""reason"": ""Refreshing yogurt drink""}], ""optimization_strategies"": [{""type"": ""queue_optimization"", ""title"": ""Queue Management"", ""message"": ""You are #30 in the queue"", ""suggestions"": [""Consider simpler order"", ""Add refreshment drink""]}]}","{""context_intelligence"": {""shown"": 2, ""accepted"": 2, ""rejected"": 0}, ""preference_learning"": {""shown"": 2, ""accepted"": 0, ""rejected"": 2}, ""preparation_time"": {""shown"": 2, ""accepted"": 0, ""rejected"": 2}}",0,0,0,1752266692.783235,1752266702.0028782,11.164743188132428,1752266692.785674,1752266706.2933178,5.644696607657185,1752266692.785679,1752266700.091037,5.487781509212803,1752266692.790327,1752266704.3766353,8.385931146085454,1752266692.8219478,1752266698.7072537,7.097522722902772,1752266692.8220422,1752266699.285,8.101101159420852
P006_emotion_responsive_2,Participant P006,P006@experiment.com,,2025-07-11T15:44:54.384847,emotion_responsive,happy,{},"{""success"": true, ""agents_called"": [""context_intelligence"", ""preference_learning"", ""preparation_time""], ""preparation_time"": {""total_minutes"": 15, ""ready_time"": ""15:59"", ""formatted_duration"": ""00:15"", ""queue_position"": 2, ""complexity_multiplier"": 1.5, ""queue_multiplier"": 1.0, ""additional_wait_time"": 0, ""unavailable_items"": [], ""low_stock_items"": [""Malai Masala""], ""preparing_items"": []}, ""recommendations"": {""context_intelligence"": [{""type"": ""context_intelligence"", ""title"": ""Inventory-Aware Suggestion"", ""message"": ""Queue position: #2"", ""priority"": ""medium""}], ""preference_learning"": [{""type"": ""preference_learning"", ""title"": ""Your Favorite Protein"", ""message"": ""Based on your 1 previous orders, you love Chicken dishes"", ""priority"": ""high"", ""confidence"": 0.1, ""reasoning"": ""You've ordered chicken 0 times""}, {""type"": ""preference_learning"", ""title"": ""Popular Among Similar Users"", ""message"": ""Users with similar tastes love our signature dishes"", ""priority"": ""medium"", ""confidence"": 0.7, ""reasoning"": ""Based on 3 similar users""}], ""preparation_time"": [{""type"": ""preparation_time"", ""title"": ""Preparation Time Estimate"", ""message"": ""Your order will be ready at 15:59"", ""priority"": ""high""}]}, ""refreshment_suggestions"": [{""name"": ""Water"", ""price"": 1.0, ""reason"": ""Stay hydrated""}, {""name"": ""Soda"", ""price"": 2.0, ""reason"": ""Quick refreshment""}], ""optimization_strategies"": []}","{""context_intelligence"": {""shown"": 1, ""accepted"": 0, ""rejected"": 1}, ""preference_learning"": {""shown"": 2, ""accepted"": 2, ""rejected"": 0}, ""preparation_time"": {""shown"": 1, ""accepted"": 1, ""rejected"": 0}}",0,0,0,1752266694.356374,1752266704.4567752,5.285046524306968,1752266694.3588538,1752266705.085127,12.465799800090418,1752266694.35886,1752266700.455892,6.71243642661406,1752266694.361984,1752266706.6966999,6.4402972300919945,1752266694.382347,1752266705.2234912,12.828613262969967,1752266694.382455,1752266702.9142287,10.17289074918021
P006_emotion_responsive_3,Participant P006,P006@experiment.com,,2025-07-11T15:44:56.865798,emotion_responsive,neutral,{},"{""success"": true, ""agents_called"": [""context_intelligence"", ""preference_learning"", ""preparation_time""], ""preparation_time"": {""total_minutes"": 45, ""ready_time"": ""16:29"", ""formatted_duration"": ""00:45"", ""queue_position"": 27, ""complexity_multiplier"": 1.1, ""queue_multiplier"": 1.5, ""additional_wait_time"": 0, ""unavailable_items"": [], ""low_stock_items"": [], ""preparing_items"": []}, ""recommendations"": {""context_intelligence"": [{""type"": ""context_intelligence"", ""title"": ""Inventory-Aware Suggestion"", ""message"": ""Queue position: #27"", ""priority"": ""medium""}], ""preference_learning"": [{""type"": ""preference_learning"", ""title"": ""Your Favorite Protein"", ""message"": ""Based on your 2 previous orders, you love Chicken dishes"", ""priority"": ""high"", ""confidence"": 0.2, ""reasoning"": ""You've ordered chicken 0 times""}, {""type"": ""preference_learning"", ""title"": ""Popular Among Similar Users"", ""message"": ""Users with similar tastes love our signature dishes"", ""priority"": ""medium"", ""confidence"": 0.7, ""reasoning"": ""Based on 3 similar users""}], ""preparation_time"": [{""type"": ""preparation_time"", ""title"": ""Preparation Time Estimate"", ""message"": ""Your order will be ready at 16:29"", ""priority"": ""high""}]}, ""refreshment_suggestions"": [{""name"": ""Masala Chai"", ""price"": 3.5, ""reason"": ""Perfect for longer waits""}, {""name"": ""Mango Lassi"", ""price"": 4.0, ""reason"": ""Refreshing yogurt drink""}], ""optimization_strategies"": [{""type"": ""queue_optimization"", ""title"": ""Queue Management"", ""message"": ""You are #27 in the queue"", ""suggestions"": [""Consider simpler order"", ""Add refreshment drink""]}]}","{""context_intelligence"": {""shown"": 1, ""accepted"": 1, ""rejected"": 0}, ""preference_learning"": {""shown"": 2, ""accepted"": 0, ""rejected"": 2}, ""preparation_time"": {""shown"": 1, ""accepted"": 1, ""rejected"": 0}}",0,0,0,1752266696.839498,1752266704.7015622,13.968424467107965,1752266696.841044,1752266702.0100126,9.689051626586215,1752266696.841047,1752266706.058435,12.413063900296418,1752266696.8434849,1752266702.8963492,6.848449486211296,1752266696.861375,1752266704.4008293,10.294495345714562,1752266696.861643,1752266704.5717566,11.834429685375863
P006_emotion_responsive_4,Participant P006,P006@experiment.com,,2025-07-11T15:44:59.268854,emotion_responsive,tired,{},"{""success"": true, ""agents_called"": [""context_intelligence"", ""preference_learning"", ""preparation_time""], ""preparation_time"": {""total_minutes"": 23, ""ready_time"": ""16:07"", ""formatted_duration"": ""00:23"", ""queue_position"": 6, ""complexity_multiplier"": 1.5, ""queue_multiplier"": 1.2, ""additional_wait_time"": 0, ""unavailable_items"": [], ""low_stock_items"": [""Malai Masala"", ""Lemon""], ""preparing_items"": []}, ""recommendations"": {""context_intelligence"": [{""type"": ""context_intelligence"", ""title"": ""Inventory-Aware Suggestion"", ""message"": ""Queue position: #6"", ""priority"": ""medium""}], ""preference_learning"": [{""type"": ""preference_learning"", ""title"": ""Your Favorite Protein"", ""message"": ""Based on your 3 previous orders, you love Chicken dishes"", ""priority"": ""high"", ""confidence"": 0.30000000000000004, ""reasoning"": ""You've ordered chicken 0 times""}, {""type"": ""preference_learning"", ""title"": ""Popular Among Similar Users"", ""message"": ""Users with similar tastes love our signature dishes"", ""priority"": ""medium"", ""confidence"": 0.7, ""reasoning"": ""Based on 3 similar users""}], ""preparation_time"": [{""type"": ""preparation_time"", ""title"": ""Preparation Time Estimate"", ""message"": ""Your order will be ready at 16:07"", ""priority"": ""high""}]}, ""refreshment_suggestions"": [{""name"": ""Masala Chai"", ""price"": 3.5, ""reason"": ""Perfect for longer waits""}, {""name"": ""Mango Lassi"", ""price"": 4.0, ""reason"": ""Refreshing yogurt drink""}], ""optimization_strategies"": []}","{""context_intelligence"": {""shown"": 1, ""accepted"": 1, ""rejected"": 0}, ""preference_learning"": {""shown"": 2, ""accepted"": 2, ""rejected"": 0}, ""preparation_time"": {""shown"": 1, ""accepted"": 1, ""rejected"": 0}}",0,0,0,1752266699.2358952,1752266707.543732,6.067780744625594,1752266699.239669,1752266712.2035947,14.931090731954255,1752266699.2396789,1752266709.76044,6.444345872453409,1752266699.243959,1752266707.172893,7.131548675159971,1752266699.2661572,1752266708.610756,14.261637268241863,1752266699.2662652,1752266708.9969082,7.393028823827425
P006_emotion_responsive_5,Participant P006,P006@experiment.com,,2025-07-11T15:45:00.460318,emotion_responsive,angry,{},"{""success"": true, ""agents_called"": [""context_intelligence"", ""preference_learning"", ""preparation_time""], ""preparation_time"": {""total_minutes"": 55, ""ready_time"": ""16:40"", ""formatted_duration"": ""00:55"", ""queue_position"": 33, ""complexity_multiplier"": 1.1, ""queue_multiplier"": 2.0, ""additional_wait_time"": 0, ""unavailable_items"": [], ""low_stock_items"": [], ""preparing_items"": []}, ""recommendations"": {""context_intelligence"": [{""type"": ""context_intelligence"", ""title"": ""Inventory-Aware Suggestion"", ""message"": ""Queue position: #33"", ""priority"": ""medium""}], ""preference_learning"": [{""type"": ""preference_learning"", ""title"": ""Your Favorite Protein"", ""message"": ""Based on your 4 previous orders, you love Chicken dishes"", ""priority"": ""high"", ""confidence"": 0.4, ""reasoning"": ""You've ordered chicken 0 times""}, {""type"": ""preference_learning"", ""title"": ""Popular Among Similar Users"", ""message"": ""Users with similar tastes love our signature dishes"", ""priority"": ""medium"", ""confidence"": 0.7, ""reasoning"": ""Based on 3 similar users""}, {""type"": ""preference_learning"", ""title"": ""Morning Preference"", ""message"": ""Perfect morning fuel based on your preferences"", ""priority"": ""low"", ""confidence"": 0.6, ""reasoning"": ""Optimized for morning consumption""}], ""preparation_time"": [{""type"": ""preparation_time"", ""title"": ""Preparation Time Estimate"", ""message"": ""Your order will be ready at 16:40"", ""priority"": ""high""}]}, ""refreshment_suggestions"": [{""name"": ""Masala Chai"", ""price"": 3.5, ""reason"": ""Perfect for longer waits""}, {""name"": ""Mango Lassi"", ""price"": 4.0, ""reason"": ""Refreshing yogurt drink""}], ""optimization_strategies"": [{""type"": ""queue_optimization"", ""title"": ""Queue Management"", ""message"": ""You are #33 in the queue"", ""suggestions"": [""Consider simpler order"", ""Add refreshment drink""]}]}","{""context_intelligence"": {""shown"": 1, ""accepted"": 0, ""rejected"": 0}, ""preference_learning"": {""shown"": 3, ""accepted"": 0, ""rejected"": 0}, ""preparation_time"": {""shown"": 1, ""accepted"": 1, ""rejected"": 0}}",0,0,0,1752266700.419171,1752266711.6526973,6.28548639929556,1752266700.424216,1752266709.4552715,7.7187707296805765,1752266700.424227,1752266714.453153,5.271171986886538,1752266700.429892,1752266711.0280244,5.734669570498117,1752266700.45758,1752266711.1361988,7.5617269467004515,1752266700.457681,1752266706.1624713,7.900175650716221
P006_traditional_1,Participant P006,P006@experiment.com,,2025-07-11T15:45:01.492821,traditional,tired,{},null,"{""context_intelligence"": {""shown"": 0, ""accepted"": 0, ""rejected"": 0}, ""preference_learning"": {""shown"": 0, ""accepted"": 0, ""rejected"": 0}, ""preparation_time"": {""shown"": 0, ""accepted"": 0, ""rejected"": 0}}",0,0,0,1752266701.479981,1752266712.5692744,6.747350707067231,1752266701.485507,1752266715.631617,8.117057298304804,1752266701.4855108,1752266708.296567,8.703997398347415,1752266701.485518,1752266712.8866136,8.905367405140105,1752266701.485674,1752266707.5714126,9.284653669416256
P006_traditional_2,Participant P006,P006@experiment.com,,2025-07-11T15:45:04.017852,traditional,neutral,{},null,"{""context_intelligence"": {""shown"": 0, ""accepted"": 0, ""rejected"": 0}, ""preference_learning"": {""shown"": 0, ""accepted"": 0, ""rejected"": 0}, ""preparation_time"": {""shown"": 0, ""accepted"": 0, ""rejected"": 0}}",0,0,0,1752266704.013352,1752266711.0353994,8.052555681250766,1752266704.0152361,1752266716.392245,10.57308318195397,1752266704.0152378,1752266715.0042424,12.491000437395039,1752266704.015241,1752266713.3711395,7.616019768753606,1752266704.0153,1752266717.8699737,12.509704619654647
P006_traditional_3,Participant P006,P006@experiment.com,,2025-07-11T15:45:07.016324,traditional,tired,{},null,"{""context_intelligence"": {""shown"": 0, ""accepted"": 0, ""rejected"": 0}, ""preference_learning"": {""shown"": 0, ""accepted"": 0, ""rejected"": 0}, ""preparation_time"": {""shown"": 0, ""accepted"": 0, ""rejected"": 0}}",0,0,0,1752266707.012106,1752266716.8059733,9.262659855361779,1752266707.013698,1752266713.2403548,14.966596433452523,1752266707.013699,1752266717.7086422,6.786815999582123,1752266707.013702,1752266717.8419502,14.674333791783301,1752266707.0137532,1752266712.8954682,8.217957790943144
P006_traditional_4,Participant P006,P006@experiment.com,,2025-07-11T15:45:09.074617,traditional,tired,{},null,"{""context_intelligence"": {""shown"": 0, ""accepted"": 0, ""rejected"": 0}, ""preference_learning"": {""shown"": 0, ""accepted"": 0, ""rejected"": 0}, ""preparation_time"": {""shown"": 0, ""accepted"": 0, ""rejected"": 0}}",0,0,0,1752266709.0622249,1752266717.0446992,13.803610706107113,1752266709.068118,1752266718.9274788,7.455038346399901,1752266709.0681212,1752266717.9707372,6.523874762483912,1752266709.068127,1752266719.6787357,11.752553083803505,1752266709.068483,1752266721.963213,13.876711216335444
P006_traditional_5,Participant P006,P006@experiment.com,,2025-07-11T15:45:11.867304,traditional,surprised,{},null,"{""context_intelligence"": {""shown"": 0, ""accepted"": 0, ""rejected"": 0}, ""preference_learning"": {""shown"": 0, ""accepted"": 0, ""rejected"": 0}, ""preparation_time"": {""shown"": 0, ""accepted"": 0, ""rejected"": 0}}",0,0,0,1752266711.863147,1752266723.7242,6.838719099094808,1752266711.864835,1752266719.9596164,12.568828741834313,1752266711.8648372,1752266718.311837,9.831848603997187,1752266711.86484,1752266719.829253,13.75296387730052,1752266711.8648992,1752266726.2815704,10.973763216344738
P007_emotion_responsive_1,Participant P007,P007@experiment.com,,2025-07-11T15:45:14.685719,emotion_responsive,neutral,{},"{""success"": true, ""agents_called"": [""context_intelligence"", ""preference_learning"", ""preparation_time""], ""preparation_time"": {""total_minutes"": 39, ""ready_time"": ""16:24"", ""formatted_duration"": ""00:39"", ""queue_position"": 21, ""complexity_multiplier"": 1.1, ""queue_multiplier"": 1.5, ""additional_wait_time"": 0, ""unavailable_items"": [], ""low_stock_items"": [], ""preparing_items"": []}, ""recommendations"": {""context_intelligence"": [{""type"": ""context_intelligence"", ""title"": ""Inventory-Aware Suggestion"", ""message"": ""Queue position: #21"", ""priority"": ""medium""}], ""preference_learning"": [{""type"": ""preference_learning"", ""title"": ""Most Popular Choice"", ""message"": ""Our most loved dish by all customers"", ""priority"": ""medium"", ""confidence"": 0.6, ""reasoning"": ""Based on overall popularity""}, {""type"": ""preference_learning"", ""title"": ""Chef's Recommendation"", ""message"": ""Our signature dish with perfect balance"", ""priority"": ""medium"", ""confidence"": 0.7, ""reasoning"": ""Chef's special selection""}], ""preparation_time"": [{""type"": ""preparation_time"", ""title"": ""Preparation Time Estimate"", ""message"": ""Your order will be ready at 16:24"", ""priority"": ""high""}]}, ""refreshment_suggestions"": [{""name"": ""Masala Chai"", ""price"": 3.5, ""reason"": ""Perfect for longer waits""}, {""name"": ""Mango Lassi"", ""price"": 4.0, ""reason"": ""Refreshing yogurt drink""}], ""optimization_strategies"": [{""type"": ""queue_optimization"", ""title"": ""Queue Management"", ""message"": ""You are #21 in the queue"", ""suggestions"": [""Consider simpler order"", ""Add refreshment drink""]}]}","{""context_intelligence"": {""shown"": 1, ""accepted"": 0, ""rejected"": 0}, ""preference_learning"": {""shown"": 2, ""accepted"": 2, ""rejected"": 0}, ""preparation_time"": {""shown"": 1, ""accepted"": 1, ""rejected"": 0}}",0,0,0,1752266714.660664,1752266724.758137,5.747814071716437,1752266714.6626089,1752266722.677121,11.754017044789162,1752266714.662613,1752266720.3756678,10.909285430788444,1752266714.6660428,1752266722.8527899,12.959633533306038,1752266714.6836631,1752266726.1961956,13.754159256778044,1752266714.683743,1752266722.1930945,14.456208789486757
P007_emotion_responsive_2,Participant P007,P007@experiment.com,,2025-07-11T15:45:15.766829,emotion_responsive,surprised,{},"{""success"": true, ""agents_called"": [""context_intelligence"", ""preference_learning"", ""preparation_time""], ""preparation_time"": {""total_minutes"": 58, ""ready_time"": ""16:43"", ""formatted_duration"": ""00:58"", ""queue_position"": 25, ""complexity_multiplier"": 1.5, ""queue_multiplier"": 1.5, ""additional_wait_time"": 10, ""unavailable_items"": [], ""low_stock_items"": [], ""preparing_items"": [""Curry Special""]}, ""recommendations"": {""context_intelligence"": [{""type"": ""context_intelligence"", ""title"": ""Inventory-Aware Suggestion"", ""message"": ""Queue position: #25"", ""priority"": ""medium""}, {""type"": ""context_intelligence"", ""title"": ""Items Being Prepared"", ""message"": ""These items are being prepared: Curry Special"", ""priority"": ""medium""}], ""preference_learning"": [{""type"": ""preference_learning"", ""title"": ""Your Favorite Protein"", ""message"": ""Based on your 1 previous orders, you love Chicken dishes"", ""priority"": ""high"", ""confidence"": 0.1, ""reasoning"": ""You've ordered chicken 0 times""}, {""type"": ""preference_learning"", ""title"": ""Popular Among Similar Users"", ""message"": ""Users with similar tastes love our signature dishes"", ""priority"": ""medium"", ""confidence"": 0.7, ""reasoning"": ""Based on 3 similar users""}, {""type"": ""preference_learning"", ""title"": ""Morning Preference"", ""message"": ""Perfect morning fuel based on your preferences"", ""priority"": ""low"", ""confidence"": 0.6, ""reasoning"": ""Optimized for morning consumption""}], ""preparation_time"": [{""type"": ""preparation_time"", ""title"": ""Preparation Time Estimate"", ""message"": ""Your order will be ready at 16:43"", ""priority"": ""high""}, {""type"": ""preparation_time"", ""title"": ""Additional Wait Time"", ""message"": ""Some ingredients need 10 more minutes to prepare"", ""priority"": ""high""}]}, ""refreshment_suggestions"": [{""name"": ""Masala Chai"", ""price"": 3.5, ""reason"": ""Perfect for longer waits""}, {""name"": ""Mango Lassi"", ""price"": 4.0, ""reason"": ""Refreshing yogurt drink""}], ""optimization_strategies"": [{""type"": ""queue_optimization"", ""title"": ""Queue Management"", ""message"": ""You are #25 in the queue"", ""suggestions"": [""Consider simpler order"", ""Add refreshment drink""]}]}","{""context_intelligence"": {""shown"": 2, ""accepted"": 0, ""rejected"": 0}, ""preference_learning"": {""shown"": 3, ""accepted"": 3, ""rejected"": 0}, ""preparation_time"": {""shown"": 2, ""accepted"": 0, ""rejected"": 0}}",0,0,0,1752266715.719015,1752266726.7455072,10.1311915900312,1752266715.723459,1752266724.0398033,14.229330568384016,1752266715.723467,1752266728.244656,6.246041639887052,1752266715.728409,1752266723.1387722,9.848666208116992,1752266715.7634728,1752266730.445016,6.544417358848169,1752266715.763634,1752266725.0664346,9.828275193382343
P007_emotion_responsive_3,Participant P007,P007@experiment.com,,2025-07-11T15:45:18.467543,emotion_responsive,surprised,{},"{""success"": true, ""agents_called"": [""context_intelligence"", ""preference_learning"", ""preparation_time""], ""preparation_time"": {""total_minutes"": 14, ""ready_time"": ""15:59"", ""formatted_duration"": ""00:14"", ""queue_position"": 3, ""complexity_multiplier"": 1.3, ""queue_multiplier"": 1.0, ""additional_wait_time"": 0, ""unavailable_items"": [""Curry Masala""], ""low_stock_items"": [""Lemon""], ""preparing_items"": []}, ""recommendations"": {""context_intelligence"": [{""type"": ""context_intelligence"", ""title"": ""Inventory-Aware Suggestion"", ""message"": ""Queue position: #3"", ""priority"": ""medium""}, {""type"": ""context_intelligence"", ""title"": ""Unavailable Items"", ""message"": ""These items are currently out of stock: Curry Masala"", ""priority"": ""high""}], ""preference_learning"": [{""type"": ""preference_learning"", ""title"": ""Your Favorite Protein"", ""message"": ""Based on your 2 previous orders, you love Chicken dishes"", ""priority"": ""high"", ""confidence"": 0.2, ""reasoning"": ""You've ordered chicken 0 times""}, {""type"": ""preference_learning"", ""title"": ""Popular Among Similar Users"", ""message"": ""Users with similar tastes love our signature dishes"", ""priority"": ""medium"", ""confidence"": 0.7, ""reasoning"": ""Based on 3 similar users""}], ""preparation_time"": [{""type"": ""preparation_time"", ""title"": ""Preparation Time Estimate"", ""message"": ""Your order will be ready at 15:59"", ""priority"": ""high""}]}, ""refreshment_suggestions"": [{""name"": ""Water"", ""price"": 1.0, ""reason"": ""Stay hydrated""}, {""name"": ""Soda"", ""price"": 2.0, ""reason"": ""Quick refreshment""}], ""optimization_strategies"": []}","{""context_intelligence"": {""shown"": 2, ""accepted"": 0, ""rejected"": 2}, ""preference_learning"": {""shown"": 2, ""accepted"": 2, ""rejected"": 0}, ""preparation_time"": {""shown"": 1, ""accepted"": 1, ""rejected"": 0}}",0,0,0,1752266718.430589,1752266724.4524734,11.087814260910314,1752266718.433145,1752266730.8488262,8.98124777478749,1752266718.43315,1752266728.4973528,10.803258388074019,1752266718.436673,1752266733.0538788,11.774586009251445,1752266718.464117,1752266725.6848967,6.062976349995277,1752266718.464214,1752266733.3724556,14.249843513878822
P007_emotion_responsive_4,Participant P007,P007@experiment.com,,2025-07-11T15:45:20.514448,emotion_responsive,angry,{},"{""success"": true, ""agents_called"": [""context_intelligence"", ""preference_learning"", ""preparation_time""], ""preparation_time"": {""total_minutes"": 26, ""ready_time"": ""16:11"", ""formatted_duration"": ""00:26"", ""queue_position"": 8, ""complexity_multiplier"": 1.6, ""queue_multiplier"": 1.2, ""additional_wait_time"": 0, ""unavailable_items"": [], ""low_stock_items"": [""Lemon""], ""preparing_items"": []}, ""recommendations"": {""context_intelligence"": [{""type"": ""context_intelligence"", ""title"": ""Inventory-Aware Suggestion"", ""message"": ""Queue position: #8"", ""priority"": ""medium""}], ""preference_learning"": [{""type"": ""preference_learning"", ""title"": ""Your Favorite Protein"", ""message"": ""Based on your 3 previous orders, you love Chicken dishes"", ""priority"": ""high"", ""confidence"": 0.30000000000000004, ""reasoning"": ""You've ordered chicken 0 times""}, {""type"": ""preference_learning"", ""title"": ""Popular Among Similar Users"", ""message"": ""Users with similar tastes love our signature dishes"", ""priority"": ""medium"", ""confidence"": 0.7, ""reasoning"": ""Based on 3 similar users""}], ""preparation_time"": [{""type"": ""preparation_time"", ""title"": ""Preparation Time Estimate"", ""message"": ""Your order will be ready at 16:11"", ""priority"": ""high""}]}, ""refreshment_suggestions"": [{""name"": ""Masala Chai"", ""price"": 3.5, ""reason"": ""Perfect for longer waits""}, {""name"": ""Mango Lassi"", ""price"": 4.0, ""reason"": ""Refreshing yogurt drink""}], ""optimization_strategies"": []}","{""context_intelligence"": {""shown"": 1, ""accepted"": 0, ""rejected"": 0}, ""preference_learning"": {""shown"": 2, ""accepted"": 2, ""rejected"": 0}, ""preparation_time"": {""shown"": 1, ""accepted"": 1, ""rejected"": 0}}",0,0,0,1752266720.487583,1752266732.564087,12.841754922858968,1752266720.489717,1752266725.5933425,8.80049167115385,1752266720.489721,1752266729.9119186,10.1394611193228,1752266720.4930098,1752266728.7707303,6.82340167385389,1752266720.510952,1752266726.9156454,11.273012648058241,1752266720.511046,1752266725.6555648,13.899222627511275
P007_emotion_responsive_5,Participant P007,P007@experiment.com,,2025-07-11T15:45:23.160163,emotion_responsive,sad,{},"{""success"": true, ""agents_called"": [""context_intelligence"", ""preference_learning"", ""preparation_time""], ""preparation_time"": {""total_minutes"": 53, ""ready_time"": ""16:38"", ""formatted_duration"": ""00:53"", ""queue_position"": 18, ""complexity_multiplier"": 1.7, ""queue_multiplier"": 1.5, ""additional_wait_time"": 10, ""unavailable_items"": [], ""low_stock_items"": [""Lemon""], ""preparing_items"": [""Curry Special""]}, ""recommendations"": {""context_intelligence"": [{""type"": ""context_intelligence"", ""title"": ""Inventory-Aware Suggestion"", ""message"": ""Queue position: #18"", ""priority"": ""medium""}, {""type"": ""context_intelligence"", ""title"": ""Items Being Prepared"", ""message"": ""These items are being prepared: Curry Special"", ""priority"": ""medium""}], ""preference_learning"": [{""type"": ""preference_learning"", ""title"": ""Your Favorite Protein"", ""message"": ""Based on your 4 previous orders, you love Chicken dishes"", ""priority"": ""high"", ""confidence"": 0.4, ""reasoning"": ""You've ordered chicken 0 times""}, {""type"": ""preference_learning"", ""title"": ""Popular Among Similar Users"", ""message"": ""Users with similar tastes love our signature dishes"", ""priority"": ""medium"", ""confidence"": 0.7, ""reasoning"": ""Based on 3 similar users""}], ""preparation_time"": [{""type"": ""preparation_time"", ""title"": ""Preparation Time Estimate"", ""message"": ""Your order will be ready at 16:38"", ""priority"": ""high""}, {""type"": ""preparation_time"", ""title"": ""Additional Wait Time"", ""message"": ""Some ingredients need 10 more minutes to prepare"", ""priority"": ""high""}]}, ""refreshment_suggestions"": [{""name"": ""Masala Chai"", ""price"": 3.5, ""reason"": ""Perfect for longer waits""}, {""name"": ""Mango Lassi"", ""price"": 4.0, ""reason"": ""Refreshing yogurt drink""}], ""optimization_strategies"": []}","{""context_intelligence"": {""shown"": 2, ""accepted"": 2, ""rejected"": 0}, ""preference_learning"": {""shown"": 2, ""accepted"": 0, ""rejected"": 0}, ""preparation_time"": {""shown"": 2, ""accepted"": 2, ""rejected"": 0}}",0,0,0,1752266723.098169,1752266734.0458348,5.244277647011972,1752266723.114315,1752266736.52639,6.976971457744176,1752266723.114322,1752266736.1078126,13.947236312434736,1752266723.118329,1752266737.3361313,8.158099296901078,1752266723.157639,1752266737.7970252,5.768929604151648,1752266723.15773,1752266729.011237,9.549204097091643
P007_traditional_1,Participant P007,P007@experiment.com,,2025-07-11T15:45:24.291727,traditional,angry,{},null,"{""context_intelligence"": {""shown"": 0, ""accepted"": 0, ""rejected"": 0}, ""preference_learning"": {""shown"": 0, ""accepted"": 0, ""rejected"": 0}, ""preparation_time"": {""shown"": 0, ""accepted"": 0, ""rejected"": 0}}",0,0,0,1752266724.213481,1752266731.2603958,5.142870596622078,1752266724.2397041,1752266729.604903,11.678702917178263,1752266724.239763,1752266734.5537097,6.031758220086692,1752266724.239768,1752266733.5107393,6.996619147883571,1752266724.241631,1752266734.373416,14.145884214458562
P007_traditional_2,Participant P007,P007@experiment.com,,2025-07-11T15:45:26.139064,traditional,surprised,{},null,"{""context_intelligence"": {""shown"": 0, ""accepted"": 0, ""rejected"": 0}, ""preference_learning"": {""shown"": 0, ""accepted"": 0, ""rejected"": 0}, ""preparation_time"": {""shown"": 0, ""accepted"": 0, ""rejected"": 0}}",0,0,0,1752266726.128282,1752266737.5842454,13.142501798553328,1752266726.133725,1752266733.7584324,5.981345033161453,1752266726.1337311,1752266739.4135349,12.721298757780893,1752266726.133738,1752266736.9695122,10.223477162488686,1752266726.133888,1752266731.5423794,14.994252213234446
P007_traditional_3,Participant P007,P007@experiment.com,,2025-07-11T15:45:28.093244,traditional,angry,{},null,"{""context_intelligence"": {""shown"": 0, ""accepted"": 0, ""rejected"": 0}, ""preference_learning"": {""shown"": 0, ""accepted"": 0, ""rejected"": 0}, ""preparation_time"": {""shown"": 0, ""accepted"": 0, ""rejected"": 0}}",0,0,0,1752266728.08301,1752266741.5804825,11.730434621309342,1752266728.087501,1752266735.3284497,9.279787188687283,1752266728.087504,1752266737.9564896,10.18985540167435,1752266728.0875149,1752266741.2756028,10.545630180778854,1752266728.087755,1752266740.9062593,13.320009576269952
P007_traditional_4,Participant P007,P007@experiment.com,,2025-07-11T15:45:30.489607,traditional,sad,{},null,"{""context_intelligence"": {""shown"": 0, ""accepted"": 0, ""rejected"": 0}, ""preference_learning"": {""shown"": 0, ""accepted"": 0, ""rejected"": 0}, ""preparation_time"": {""shown"": 0, ""accepted"": 0, ""rejected"": 0}}",0,0,0,1752266730.484107,1752266742.1177876,11.811895581932065,1752266730.486388,1752266739.3668122,11.545364325907208,1752266730.486389,1752266743.4234376,7.071556826519261,1752266730.486392,1752266744.8277237,8.112279817297928,1752266730.486461,1752266741.65767,7.227984024458679
P007_traditional_5,Participant P007,P007@experiment.com,,2025-07-11T15:45:32.547084,traditional,stressed,{},null,"{""context_intelligence"": {""shown"": 0, ""accepted"": 0, ""rejected"": 0}, ""preference_learning"": {""shown"": 0, ""accepted"": 0, ""rejected"": 0}, ""preparation_time"": {""shown"": 0, ""accepted"": 0, ""rejected"": 0}}",0,0,0,1752266732.54114,1752266744.355075,6.915484214576298,1752266732.543595,1752266740.5018528,7.5084672448312215,1752266732.543596,1752266741.7201843,9.660729807097676,1752266732.5436008,1752266746.5010788,13.220379896077725,1752266732.5436869,1752266746.5139472,14.329952869766046
P008_emotion_responsive_1,Participant P008,P008@experiment.com,,2025-07-11T15:45:34.607768,emotion_responsive,stressed,{},"{""success"": true, ""agents_called"": [""context_intelligence"", ""preference_learning"", ""preparation_time""], ""preparation_time"": {""total_minutes"": 73, ""ready_time"": ""16:58"", ""formatted_duration"": ""01:13"", ""queue_position"": 48, ""complexity_multiplier"": 1.5, ""queue_multiplier"": 2.0, ""additional_wait_time"": 0, ""unavailable_items"": [], ""low_stock_items"": [""Malai Masala"", ""Lemon""], ""preparing_items"": []}, ""recommendations"": {""context_intelligence"": [{""type"": ""context_intelligence"", ""title"": ""Inventory-Aware Suggestion"", ""message"": ""Queue position: #48"", ""priority"": ""medium""}], ""preference_learning"": [{""type"": ""preference_learning"", ""title"": ""Most Popular Choice"", ""message"": ""Our most loved dish by all customers"", ""priority"": ""medium"", ""confidence"": 0.6, ""reasoning"": ""Based on overall popularity""}, {""type"": ""preference_learning"", ""title"": ""Chef's Recommendation"", ""message"": ""Our signature dish with perfect balance"", ""priority"": ""medium"", ""confidence"": 0.7, ""reasoning"": ""Chef's special selection""}], ""preparation_time"": [{""type"": ""preparation_time"", ""title"": ""Preparation Time Estimate"", ""message"": ""Your order will be ready at 16:58"", ""priority"": ""high""}]}, ""refreshment_suggestions"": [{""name"": ""Masala Chai"", ""price"": 3.5, ""reason"": ""Perfect for longer waits""}, {""name"": ""Mango Lassi"", ""price"": 4.0, ""reason"": ""Refreshing yogurt drink""}], ""optimization_strategies"": [{""type"": ""queue_optimization"", ""title"": ""Queue Management"", ""message"": ""You are #48 in the queue"", ""suggestions"": [""Consider simpler order"", ""Add refreshment drink""]}]}","{""context_intelligence"": {""shown"": 1, ""accepted"": 1, ""rejected"": 0}, ""preference_learning"": {""shown"": 2, ""accepted"": 0, ""rejected"": 0}, ""preparation_time"": {""shown"": 1, ""accepted"": 0, ""rejected"": 0}}",0,0,0,1752266734.574294,1752266742.2801113,10.204511604297524,1752266734.578142,1752266744.2401617,8.808629095276476,1752266734.5781481,1752266741.8136208,14.950823599757548,1752266734.5822048,1752266744.593542,11.9216505275322,1752266734.605001,1752266745.5358737,14.160014090771483,1752266734.6051059,1752266745.951011,6.736449733067408
P008_emotion_responsive_2,Participant P008,P008@experiment.com,,2025-07-11T15:45:37.129044,emotion_responsive,tired,{},"{""success"": true, ""agents_called"": [""context_intelligence"", ""preference_learning"", ""preparation_time""], ""preparation_time"": {""total_minutes"": 80, ""ready_time"": ""17:05"", ""formatted_duration"": ""01:20"", ""queue_position"": 43, ""complexity_multiplier"": 1.6, ""queue_multiplier"": 2.0, ""additional_wait_time"": 9, ""unavailable_items"": [], ""low_stock_items"": [], ""preparing_items"": [""Curry Special""]}, ""recommendations"": {""context_intelligence"": [{""type"": ""context_intelligence"", ""title"": ""Inventory-Aware Suggestion"", ""message"": ""Queue position: #43"", ""priority"": ""medium""}, {""type"": ""context_intelligence"", ""title"": ""Items Being Prepared"", ""message"": ""These items are being prepared: Curry Special"", ""priority"": ""medium""}], ""preference_learning"": [{""type"": ""preference_learning"", ""title"": ""Your Favorite Protein"", ""message"": ""Based on your 1 previous orders, you love Chicken dishes"", ""priority"": ""high"", ""confidence"": 0.1, ""reasoning"": ""You've ordered chicken 0 times""}, {""type"": ""preference_learning"", ""title"": ""Popular Among Similar Users"", ""message"": ""Users with similar tastes love our signature dishes"", ""priority"": ""medium"", ""confidence"": 0.7, ""reasoning"": ""Based on 3 similar users""}], ""preparation_time"": [{""type"": ""preparation_time"", ""title"": ""Preparation Time Estimate"", ""message"": ""Your order will be ready at 17:05"", ""priority"": ""high""}, {""type"": ""preparation_time"", ""title"": ""Additional Wait Time"", ""message"": ""Some ingredients need 9 more minutes to prepare"", ""priority"": ""high""}]}, ""refreshment_suggestions"": [{""name"": ""Masala Chai"", ""price"": 3.5, ""reason"": ""Perfect for longer waits""}, {""name"": ""Mango Lassi"", ""price"": 4.0, ""reason"": ""Refreshing yogurt drink""}], ""optimization_strategies"": [{""type"": ""queue_optimization"", ""title"": ""Queue Management"", ""message"": ""You are #43 in the queue"", ""suggestions"": [""Consider simpler order"", ""Add refreshment drink""]}]}","{""context_intelligence"": {""shown"": 2, ""accepted"": 2, ""rejected"": 0}, ""preference_learning"": {""shown"": 2, ""accepted"": 0, ""rejected"": 0}, ""preparation_time"": {""shown"": 2, ""accepted"": 2, ""rejected"": 0}}",0,0,0,1752266737.100039,1752266751.4667509,13.582745011652609,1752266737.101888,1752266743.747004,7.201048364762025,1752266737.101892,1752266746.0431378,12.571990396144272,1752266737.104258,1752266746.1998317,9.939628601963026,1752266737.126585,1752266746.8919303,6.55829328196053,1752266737.1266701,1752266743.8050559,14.343104923241434
P008_emotion_responsive_3,Participant P008,P008@experiment.com,,2025-07-11T15:45:39.825561,emotion_responsive,neutral,{},"{""success"": true, ""agents_called"": [""context_intelligence"", ""preference_learning"", ""preparation_time""], ""preparation_time"": {""total_minutes"": 61, ""ready_time"": ""16:46"", ""formatted_duration"": ""01:01"", ""queue_position"": 39, ""complexity_multiplier"": 1.2, ""queue_multiplier"": 2.0, ""additional_wait_time"": 0, ""unavailable_items"": [], ""low_stock_items"": [""Lemon""], ""preparing_items"": []}, ""recommendations"": {""context_intelligence"": [{""type"": ""context_intelligence"", ""title"": ""Inventory-Aware Suggestion"", ""message"": ""Queue position: #39"", ""priority"": ""medium""}], ""preference_learning"": [{""type"": ""preference_learning"", ""title"": ""Your Favorite Protein"", ""message"": ""Based on your 2 previous orders, you love Chicken dishes"", ""priority"": ""high"", ""confidence"": 0.2, ""reasoning"": ""You've ordered chicken 0 times""}, {""type"": ""preference_learning"", ""title"": ""Popular Among Similar Users"", ""message"": ""Users with similar tastes love our signature dishes"", ""priority"": ""medium"", ""confidence"": 0.7, ""reasoning"": ""Based on 3 similar users""}], ""preparation_time"": [{""type"": ""preparation_time"", ""title"": ""Preparation Time Estimate"", ""message"": ""Your order will be ready at 16:46"", ""priority"": ""high""}]}, ""refreshment_suggestions"": [{""name"": ""Masala Chai"", ""price"": 3.5, ""reason"": ""Perfect for longer waits""}, {""name"": ""Mango Lassi"", ""price"": 4.0, ""reason"": ""Refreshing yogurt drink""}], ""optimization_strategies"": [{""type"": ""queue_optimization"", ""title"": ""Queue Management"", ""message"": ""You are #39 in the queue"", ""suggestions"": [""Consider simpler order"", ""Add refreshment drink""]}]}","{""context_intelligence"": {""shown"": 1, ""accepted"": 1, ""rejected"": 0}, ""preference_learning"": {""shown"": 2, ""accepted"": 0, ""rejected"": 0}, ""preparation_time"": {""shown"": 1, ""accepted"": 1, ""rejected"": 0}}",0,0,0,1752266739.800564,1752266750.1069553,13.82063329644876,1752266739.802457,1752266746.5701122,8.873010123534014,1752266739.802461,1752266753.5935593,8.717441256282909,1752266739.805176,1752266753.6444988,7.487201203124569,1752266739.823265,1752266748.7347252,14.681240480294136,1752266739.8233469,1752266748.9492776,10.649229683457575
P008_emotion_responsive_4,Participant P008,P008@experiment.com,,2025-07-11T15:45:42.614629,emotion_responsive,surprised,{},"{""success"": true, ""agents_called"": [""context_intelligence"", ""preference_learning"", ""preparation_time""], ""preparation_time"": {""total_minutes"": 36, ""ready_time"": ""16:21"", ""formatted_duration"": ""00:36"", ""queue_position"": 17, ""complexity_multiplier"": 1.2, ""queue_multiplier"": 1.5, ""additional_wait_time"": 0, ""unavailable_items"": [], ""low_stock_items"": [], ""preparing_items"": []}, ""recommendations"": {""context_intelligence"": [{""type"": ""context_intelligence"", ""title"": ""Inventory-Aware Suggestion"", ""message"": ""Queue position: #17"", ""priority"": ""medium""}], ""preference_learning"": [{""type"": ""preference_learning"", ""title"": ""Your Favorite Protein"", ""message"": ""Based on your 3 previous orders, you love Chicken dishes"", ""priority"": ""high"", ""confidence"": 0.30000000000000004, ""reasoning"": ""You've ordered chicken 0 times""}, {""type"": ""preference_learning"", ""title"": ""Popular Among Similar Users"", ""message"": ""Users with similar tastes love our signature dishes"", ""priority"": ""medium"", ""confidence"": 0.7, ""reasoning"": ""Based on 3 similar users""}], ""preparation_time"": [{""type"": ""preparation_time"", ""title"": ""Preparation Time Estimate"", ""message"": ""Your order will be ready at 16:21"", ""priority"": ""high""}]}, ""refreshment_suggestions"": [{""name"": ""Masala Chai"", ""price"": 3.5, ""reason"": ""Perfect for longer waits""}, {""name"": ""Mango Lassi"", ""price"": 4.0, ""reason"": ""Refreshing yogurt drink""}], ""optimization_strategies"": []}","{""context_intelligence"": {""shown"": 1, ""accepted"": 0, ""rejected"": 0}, ""preference_learning"": {""shown"": 2, ""accepted"": 2, ""rejected"": 0}, ""preparation_time"": {""shown"": 1, ""accepted"": 1, ""rejected"": 0}}",0,0,0,1752266742.566494,1752266748.3390286,11.00318850462795,1752266742.5689542,1752266755.9371684,13.323946853798075,1752266742.568959,1752266753.8303711,13.185789557555188,1752266742.573045,1752266751.0082207,10.361344844797054,1752266742.609206,1752266750.5794802,9.1204014913467,1752266742.609343,1752266748.8760161,8.035152106211827
P008_emotion_responsive_5,Participant P008,P008@experiment.com,,2025-07-11T15:45:44.311604,emotion_responsive,sad,{},"{""success"": true, ""agents_called"": [""context_intelligence"", ""preference_learning"", ""preparation_time""], ""preparation_time"": {""total_minutes"": 55, ""ready_time"": ""16:40"", ""formatted_duration"": ""00:55"", ""queue_position"": 33, ""complexity_multiplier"": 1.1, ""queue_multiplier"": 2.0, ""additional_wait_time"": 0, ""unavailable_items"": [""Curry Masala""], ""low_stock_items"": [], ""preparing_items"": []}, ""recommendations"": {""context_intelligence"": [{""type"": ""context_intelligence"", ""title"": ""Inventory-Aware Suggestion"", ""message"": ""Queue position: #33"", ""priority"": ""medium""}, {""type"": ""context_intelligence"", ""title"": ""Unavailable Items"", ""message"": ""These items are currently out of stock: Curry Masala"", ""priority"": ""high""}], ""preference_learning"": [{""type"": ""preference_learning"", ""title"": ""Your Favorite Protein"", ""message"": ""Based on your 4 previous orders, you love Chicken dishes"", ""priority"": ""high"", ""confidence"": 0.4, ""reasoning"": ""You've ordered chicken 0 times""}, {""type"": ""preference_learning"", ""title"": ""Popular Among Similar Users"", ""message"": ""Users with similar tastes love our signature dishes"", ""priority"": ""medium"", ""confidence"": 0.7, ""reasoning"": ""Based on 3 similar users""}], ""preparation_time"": [{""type"": ""preparation_time"", ""title"": ""Preparation Time Estimate"", ""message"": ""Your order will be ready at 16:40"", ""priority"": ""high""}]}, ""refreshment_suggestions"": [{""name"": ""Masala Chai"", ""price"": 3.5, ""reason"": ""Perfect for longer waits""}, {""name"": ""Mango Lassi"", ""price"": 4.0, ""reason"": ""Refreshing yogurt drink""}], ""optimization_strategies"": [{""type"": ""queue_optimization"", ""title"": ""Queue Management"", ""message"": ""You are #33 in the queue"", ""suggestions"": [""Consider simpler order"", ""Add refreshment drink""]}]}","{""context_intelligence"": {""shown"": 2, ""accepted"": 2, ""rejected"": 0}, ""preference_learning"": {""shown"": 2, ""accepted"": 2, ""rejected"": 0}, ""preparation_time"": {""shown"": 1, ""accepted"": 1, ""rejected"": 0}}",0,0,0,1752266744.257641,1752266756.3332005,11.395916393259212,1752266744.260521,1752266756.1238377,12.343695461970327,1752266744.260528,1752266755.350709,9.0063980720832,1752266744.2643242,1752266756.6294038,9.292609352674075,1752266744.306077,1752266758.4340587,13.21466591347731,1752266744.306266,1752266752.2530906,7.755659090202575
P008_traditional_1,Participant P008,P008@experiment.com,,2025-07-11T15:45:45.723889,traditional,stressed,{},null,"{""context_intelligence"": {""shown"": 0, ""accepted"": 0, ""rejected"": 0}, ""preference_learning"": {""shown"": 0, ""accepted"": 0, ""rejected"": 0}, ""preparation_time"": {""shown"": 0, ""accepted"": 0, ""rejected"": 0}}",0,0,0,1752266745.717887,1752266758.5720496,11.160784281047217,1752266745.7204459,1752266752.0457022,6.5831612336370435,1752266745.720447,1752266759.982259,6.388263549891102,1752266745.720451,1752266751.4814723,9.893300489058497,1752266745.7205162,1752266754.7797277,11.304851351743668
P008_traditional_2,Participant P008,P008@experiment.com,,2025-07-11T15:45:47.765723,traditional,neutral,{},null,"{""context_intelligence"": {""shown"": 0, ""accepted"": 0, ""rejected"": 0}, ""preference_learning"": {""shown"": 0, ""accepted"": 0, ""rejected"": 0}, ""preparation_time"": {""shown"": 0, ""accepted"": 0, ""rejected"": 0}}",0,0,0,1752266747.7615092,1752266758.7906206,5.2402939634260495,1752266747.763229,1752266757.7080963,10.90080716736566,1752266747.7632298,1752266761.187311,9.890593774996908,1752266747.763233,1752266761.588267,14.647613303638492,1752266747.763294,1752266756.3215292,10.539575451210899
P008_traditional_3,Participant P008,P008@experiment.com,,2025-07-11T15:45:50.706385,traditional,sad,{},null,"{""context_intelligence"": {""shown"": 0, ""accepted"": 0, ""rejected"": 0}, ""preference_learning"": {""shown"": 0, ""accepted"": 0, ""rejected"": 0}, ""preparation_time"": {""shown"": 0, ""accepted"": 0, ""rejected"": 0}}",0,0,0,1752266750.702191,1752266764.033156,14.353973170229366,1752266750.703922,1752266760.5922136,13.694473745055792,1752266750.703923,1752266762.0851643,12.410943132784094,1752266750.703926,1752266758.6691933,14.165604573675436,1752266750.703987,1752266757.9818149,7.999564313591659
P008_traditional_4,Participant P008,P008@experiment.com,,2025-07-11T15:45:51.885568,traditional,neutral,{},null,"{""context_intelligence"": {""shown"": 0, ""accepted"": 0, ""rejected"": 0}, ""preference_learning"": {""shown"": 0, ""accepted"": 0, ""rejected"": 0}, ""preparation_time"": {""shown"": 0, ""accepted"": 0, ""rejected"": 0}}",0,0,0,1752266751.877266,1752266759.41724,6.62940721867305,1752266751.8811169,1752266759.6876483,10.796065713232501,1752266751.881121,1752266761.4621608,8.57046945013613,1752266751.8811278,1752266759.6534712,10.904884592145072,1752266751.881302,1752266764.4791727,12.758817827872564
P008_traditional_5,Participant P008,P008@experiment.com,,2025-07-11T15:45:53.435217,traditional,sad,{},null,"{""context_intelligence"": {""shown"": 0, ""accepted"": 0, ""rejected"": 0}, ""preference_learning"": {""shown"": 0, ""accepted"": 0, ""rejected"": 0}, ""preparation_time"": {""shown"": 0, ""accepted"": 0, ""rejected"": 0}}",0,0,0,1752266753.430351,1752266767.6781156,7.557415028008073,1752266753.432448,1752266759.5611615,11.22666909493541,1752266753.43245,1752266766.5877743,9.519005000213628,1752266753.4324539,1752266759.9661124,9.49729221115111,1752266753.432516,1752266765.583804,13.45182271415334
P009_emotion_responsive_1,Participant P009,P009@experiment.com,,2025-07-11T15:45:55.604256,emotion_responsive,sad,{},"{""success"": true, ""agents_called"": [""context_intelligence"", ""preference_learning"", ""preparation_time""], ""preparation_time"": {""total_minutes"": 24, ""ready_time"": ""16:09"", ""formatted_duration"": ""00:24"", ""queue_position"": 1, ""complexity_multiplier"": 1.8, ""queue_multiplier"": 1.0, ""additional_wait_time"": 9, ""unavailable_items"": [], ""low_stock_items"": [""Lemon""], ""preparing_items"": [""Curry Special""]}, ""recommendations"": {""context_intelligence"": [{""type"": ""context_intelligence"", ""title"": ""Inventory-Aware Suggestion"", ""message"": ""Queue position: #1"", ""priority"": ""medium""}, {""type"": ""context_intelligence"", ""title"": ""Items Being Prepared"", ""message"": ""These items are being prepared: Curry Special"", ""priority"": ""medium""}], ""preference_learning"": [{""type"": ""preference_learning"", ""title"": ""Most Popular Choice"", ""message"": ""Our most loved dish by all customers"", ""priority"": ""medium"", ""confidence"": 0.6, ""reasoning"": ""Based on overall popularity""}, {""type"": ""preference_learning"", ""title"": ""Chef's Recommendation"", ""message"": ""Our signature dish with perfect balance"", ""priority"": ""medium"", ""confidence"": 0.7, ""reasoning"": ""Chef's special selection""}], ""preparation_time"": [{""type"": ""preparation_time"", ""title"": ""Preparation Time Estimate"", ""message"": ""Your order will be ready at 16:09"", ""priority"": ""high""}, {""type"": ""preparation_time"", ""title"": ""Additional Wait Time"", ""message"": ""Some ingredients need 9 more minutes to prepare"", ""priority"": ""high""}]}, ""refreshment_suggestions"": [{""name"": ""Masala Chai"", ""price"": 3.5, ""reason"": ""Perfect for longer waits""}, {""name"": ""Mango Lassi"", ""price"": 4.0, ""reason"": ""Refreshing yogurt drink""}], ""optimization_strategies"": []}","{""context_intelligence"": {""shown"": 2, ""accepted"": 0, ""rejected"": 0}, ""preference_learning"": {""shown"": 2, ""accepted"": 0, ""rejected"": 0}, ""preparation_time"": {""shown"": 2, ""accepted"": 2, ""rejected"": 0}}",0,0,0,1752266755.576322,1752266769.2381554,7.888991930202706,1752266755.577919,1752266763.385771,7.427030730075497,1752266755.577923,1752266766.2948864,14.134433281579016,1752266755.5803719,1752266769.8184903,8.21392830585518,1752266755.601975,1752266761.3159468,14.468471170751176,1752266755.60206,1752266763.1048908,5.162529302604934
P009_emotion_responsive_2,Participant P009,P009@experiment.com,,2025-07-11T15:45:58.543575,emotion_responsive,stressed,{},"{""success"": true, ""agents_called"": [""context_intelligence"", ""preference_learning"", ""preparation_time""], ""preparation_time"": {""total_minutes"": 20, ""ready_time"": ""16:05"", ""formatted_duration"": ""00:20"", ""queue_position"": 5, ""complexity_multiplier"": 1.6, ""queue_multiplier"": 1.0, ""additional_wait_time"": 0, ""unavailable_items"": [], ""low_stock_items"": [""Malai Masala""], ""preparing_items"": []}, ""recommendations"": {""context_intelligence"": [{""type"": ""context_intelligence"", ""title"": ""Inventory-Aware Suggestion"", ""message"": ""Queue position: #5"", ""priority"": ""medium""}], ""preference_learning"": [{""type"": ""preference_learning"", ""title"": ""Your Favorite Protein"", ""message"": ""Based on your 1 previous orders, you love Chicken dishes"", ""priority"": ""high"", ""confidence"": 0.1, ""reasoning"": ""You've ordered chicken 0 times""}, {""type"": ""preference_learning"", ""title"": ""Popular Among Similar Users"", ""message"": ""Users with similar tastes love our signature dishes"", ""priority"": ""medium"", ""confidence"": 0.7, ""reasoning"": ""Based on 3 similar users""}], ""preparation_time"": [{""type"": ""preparation_time"", ""title"": ""Preparation Time Estimate"", ""message"": ""Your order will be ready at 16:05"", ""priority"": ""high""}]}, ""refreshment_suggestions"": [{""name"": ""Sweet Lassi"", ""price"": 3.0, ""reason"": ""Classic Indian drink""}, {""name"": ""Masala Tea"", ""price"": 2.5, ""reason"": ""Quick spiced tea""}], ""optimization_strategies"": []}","{""context_intelligence"": {""shown"": 1, ""accepted"": 0, ""rejected"": 0}, ""preference_learning"": {""shown"": 2, ""accepted"": 2, ""rejected"": 0}, ""preparation_time"": {""shown"": 1, ""accepted"": 1, ""rejected"": 0}}",0,0,0,1752266758.517168,1752266765.2531161,10.826981588016524,1752266758.518715,1752266764.9711401,14.241625462895625,1752266758.518719,1752266768.7408922,5.787871515563814,1752266758.5224051,1752266766.7209973,9.741558910368262,1752266758.540837,1752266766.8007882,6.197769129968109,1752266758.540921,1752266772.704234,6.566880119566905
P009_emotion_responsive_3,Participant P009,P009@experiment.com,,2025-07-11T15:46:00.952241,emotion_responsive,happy,{},"{""success"": true, ""agents_called"": [""context_intelligence"", ""preference_learning"", ""preparation_time""], ""preparation_time"": {""total_minutes"": 11, ""ready_time"": ""15:57"", ""formatted_duration"": ""00:11"", ""queue_position"": 1, ""complexity_multiplier"": 1.2, ""queue_multiplier"": 1.0, ""additional_wait_time"": 0, ""unavailable_items"": [], ""low_stock_items"": [""Malai Masala""], ""preparing_items"": []}, ""recommendations"": {""context_intelligence"": [{""type"": ""context_intelligence"", ""title"": ""Inventory-Aware Suggestion"", ""message"": ""Queue position: #1"", ""priority"": ""medium""}], ""preference_learning"": [{""type"": ""preference_learning"", ""title"": ""Your Favorite Protein"", ""message"": ""Based on your 2 previous orders, you love Chicken dishes"", ""priority"": ""high"", ""confidence"": 0.2, ""reasoning"": ""You've ordered chicken 0 times""}, {""type"": ""preference_learning"", ""title"": ""Popular Among Similar Users"", ""message"": ""Users with similar tastes love our signature dishes"", ""priority"": ""medium"", ""confidence"": 0.7, ""reasoning"": ""Based on 3 similar users""}], ""preparation_time"": [{""type"": ""preparation_time"", ""title"": ""Preparation Time Estimate"", ""message"": ""Your order will be ready at 15:57"", ""priority"": ""high""}]}, ""refreshment_suggestions"": [{""name"": ""Water"", ""price"": 1.0, ""reason"": ""Stay hydrated""}, {""name"": ""Soda"", ""price"": 2.0, ""reason"": ""Quick refreshment""}], ""optimization_strategies"": []}","{""context_intelligence"": {""shown"": 1, ""accepted"": 1, ""rejected"": 0}, ""preference_learning"": {""shown"": 2, ""accepted"": 2, ""rejected"": 0}, ""preparation_time"": {""shown"": 1, ""accepted"": 1, ""rejected"": 0}}",0,0,0,1752266760.6795478,1752266770.63537,8.393367603636671,1752266760.681761,1752266766.3001235,6.782713279913906,1752266760.681767,1752266769.5845046,14.396978696703657,1752266760.6856241,1752266773.5459173,12.13841039160943,1752266760.845286,1752266775.1229067,6.819690731380107,1752266760.845537,1752266771.5798025,11.622524858771673
P009_emotion_responsive_4,Participant P009,P009@experiment.com,,2025-07-11T15:46:02.164629,emotion_responsive,happy,{},"{""success"": true, ""agents_called"": [""context_intelligence"", ""preference_learning"", ""preparation_time""], ""preparation_time"": {""total_minutes"": 46, ""ready_time"": ""16:32"", ""formatted_duration"": ""00:46"", ""queue_position"": 17, ""complexity_multiplier"": 1.3, ""queue_multiplier"": 1.5, ""additional_wait_time"": 9, ""unavailable_items"": [], ""low_stock_items"": [], ""preparing_items"": [""Curry Special""]}, ""recommendations"": {""context_intelligence"": [{""type"": ""context_intelligence"", ""title"": ""Inventory-Aware Suggestion"", ""message"": ""Queue position: #17"", ""priority"": ""medium""}, {""type"": ""context_intelligence"", ""title"": ""Items Being Prepared"", ""message"": ""These items are being prepared: Curry Special"", ""priority"": ""medium""}], ""preference_learning"": [{""type"": ""preference_learning"", ""title"": ""Your Favorite Protein"", ""message"": ""Based on your 3 previous orders, you love Chicken dishes"", ""priority"": ""high"", ""confidence"": 0.30000000000000004, ""reasoning"": ""You've ordered chicken 0 times""}, {""type"": ""preference_learning"", ""title"": ""Popular Among Similar Users"", ""message"": ""Users with similar tastes love our signature dishes"", ""priority"": ""medium"", ""confidence"": 0.7, ""reasoning"": ""Based on 3 similar users""}], ""preparation_time"": [{""type"": ""preparation_time"", ""title"": ""Preparation Time Estimate"", ""message"": ""Your order will be ready at 16:32"", ""priority"": ""high""}, {""type"": ""preparation_time"", ""title"": ""Additional Wait Time"", ""message"": ""Some ingredients need 9 more minutes to prepare"", ""priority"": ""high""}]}, ""refreshment_suggestions"": [{""name"": ""Masala Chai"", ""price"": 3.5, ""reason"": ""Perfect for longer waits""}, {""name"": ""Mango Lassi"", ""price"": 4.0, ""reason"": ""Refreshing yogurt drink""}], ""optimization_strategies"": []}","{""context_intelligence"": {""shown"": 2, ""accepted"": 2, ""rejected"": 0}, ""preference_learning"": {""shown"": 2, ""accepted"": 0, ""rejected"": 2}, ""preparation_time"": {""shown"": 2, ""accepted"": 2, ""rejected"": 0}}",0,0,0,1752266762.127946,1752266773.1001256,7.887383954018846,1752266762.1302989,1752266768.5109303,6.622964738567712,1752266762.130305,1752266767.449291,13.095266728633414,1752266762.133673,1752266771.0244203,13.77470845845302,1752266762.161943,1752266776.1271648,14.874010435275624,1752266762.162069,1752266773.5717704,14.550871215240186
P009_emotion_responsive_5,Participant P009,P009@experiment.com,,2025-07-11T15:46:03.519915,emotion_responsive,angry,{},"{""success"": true, ""agents_called"": [""context_intelligence"", ""preference_learning"", ""preparation_time""], ""preparation_time"": {""total_minutes"": 54, ""ready_time"": ""16:40"", ""formatted_duration"": ""00:54"", ""queue_position"": 27, ""complexity_multiplier"": 1.9, ""queue_multiplier"": 1.5, ""additional_wait_time"": 0, ""unavailable_items"": [], ""low_stock_items"": [""Malai Masala"", ""Lemon""], ""preparing_items"": []}, ""recommendations"": {""context_intelligence"": [{""type"": ""context_intelligence"", ""title"": ""Inventory-Aware Suggestion"", ""message"": ""Queue position: #27"", ""priority"": ""medium""}], ""preference_learning"": [{""type"": ""preference_learning"", ""title"": ""Your Favorite Protein"", ""message"": ""Based on your 4 previous orders, you love Chicken dishes"", ""priority"": ""high"", ""confidence"": 0.4, ""reasoning"": ""You've ordered chicken 0 times""}, {""type"": ""preference_learning"", ""title"": ""Popular Among Similar Users"", ""message"": ""Users with similar tastes love our signature dishes"", ""priority"": ""medium"", ""confidence"": 0.7, ""reasoning"": ""Based on 3 similar users""}, {""type"": ""preference_learning"", ""title"": ""Morning Preference"", ""message"": ""Perfect morning fuel based on your preferences"", ""priority"": ""low"", ""confidence"": 0.6, ""reasoning"": ""Optimized for morning consumption""}], ""preparation_time"": [{""type"": ""preparation_time"", ""title"": ""Preparation Time Estimate"", ""message"": ""Your order will be ready at 16:40"", ""priority"": ""high""}]}, ""refreshment_suggestions"": [{""name"": ""Masala Chai"", ""price"": 3.5, ""reason"": ""Perfect for longer waits""}, {""name"": ""Mango Lassi"", ""price"": 4.0, ""reason"": ""Refreshing yogurt drink""}], ""optimization_strategies"": [{""type"": ""queue_optimization"", ""title"": ""Queue Management"", ""message"": ""You are #27 in the queue"", ""suggestions"": [""Consider simpler order"", ""Add refreshment drink""]}]}","{""context_intelligence"": {""shown"": 1, ""accepted"": 0, ""rejected"": 0}, ""preference_learning"": {""shown"": 3, ""accepted"": 3, ""rejected"": 0}, ""preparation_time"": {""shown"": 1, ""accepted"": 1, ""rejected"": 0}}",0,0,0,1752266763.441879,1752266771.0141165,12.090891605386807,1752266763.4498749,1752266776.0541248,5.864046017977836,1752266763.449881,1752266777.7557871,12.952925519857882,1752266763.455256,1752266776.290138,13.689179504132547,1752266763.512314,1752266775.583068,9.081573816832694,1752266763.512526,1752266776.391809,11.894541283020626
P009_traditional_1,Participant P009,P009@experiment.com,,2025-07-11T15:46:05.542857,traditional,stressed,{},null,"{""context_intelligence"": {""shown"": 0, ""accepted"": 0, ""rejected"": 0}, ""preference_learning"": {""shown"": 0, ""accepted"": 0, ""rejected"": 0}, ""preparation_time"": {""shown"": 0, ""accepted"": 0, ""rejected"": 0}}",0,0,0,1752266765.5391731,1752266777.8324134,10.84033152544291,1752266765.540779,1752266775.3637354,14.24464314434214,1752266765.54078,1752266770.9827616,14.064167961140393,1752266765.540782,1752266774.788625,9.027039910703614,1752266765.540834,1752266772.5363898,6.978259030465891
P009_traditional_2,Participant P009,P009@experiment.com,,2025-07-11T15:46:06.974960,traditional,sad,{},null,"{""context_intelligence"": {""shown"": 0, ""accepted"": 0, ""rejected"": 0}, ""preference_learning"": {""shown"": 0, ""accepted"": 0, ""rejected"": 0}, ""preparation_time"": {""shown"": 0, ""accepted"": 0, ""rejected"": 0}}",0,0,0,1752266766.883959,1752266773.541521,11.508120504763886,1752266766.9380522,1752266776.8333106,12.363049849177203,1752266766.9380548,1752266773.5147543,7.258515052209262,1752266766.9380622,1752266780.3956518,6.248965033129087,1752266766.9388201,1752266774.2254453,12.548111897520918
P009_traditional_3,Participant P009,P009@experiment.com,,2025-07-11T15:46:09.609585,traditional,happy,{},null,"{""context_intelligence"": {""shown"": 0, ""accepted"": 0, ""rejected"": 0}, ""preference_learning"": {""shown"": 0, ""accepted"": 0, ""rejected"": 0}, ""preparation_time"": {""shown"": 0, ""accepted"": 0, ""rejected"": 0}}",0,0,0,1752266769.605153,1752266778.2187817,13.116831059315956,1752266769.607179,1752266779.4865885,13.878310383444148,1752266769.60718,1752266781.3470979,10.579701933281378,1752266769.6071832,1752266777.5792372,14.119559921752481,1752266769.607253,1752266782.5846987,7.271917693332503
P009_traditional_4,Participant P009,P009@experiment.com,,2025-07-11T15:46:12.104047,traditional,happy,{},null,"{""context_intelligence"": {""shown"": 0, ""accepted"": 0, ""rejected"": 0}, ""preference_learning"": {""shown"": 0, ""accepted"": 0, ""rejected"": 0}, ""preparation_time"": {""shown"": 0, ""accepted"": 0, ""rejected"": 0}}",0,0,0,1752266772.099688,1752266783.1128514,8.915094817034566,1752266772.101215,1752266780.0808816,6.091243157707615,1752266772.101216,1752266781.4337626,10.626177344297592,1752266772.1012192,1752266782.6598084,9.244480217069011,1752266772.101281,1752266785.8098056,5.797514759243054
P009_traditional_5,Participant P009,P009@experiment.com,,2025-07-11T15:46:13.521413,traditional,neutral,{},null,"{""context_intelligence"": {""shown"": 0, ""accepted"": 0, ""rejected"": 0}, ""preference_learning"": {""shown"": 0, ""accepted"": 0, ""rejected"": 0}, ""preparation_time"": {""shown"": 0, ""accepted"": 0, ""rejected"": 0}}",0,0,0,1752266773.5170271,1752266787.7596426,5.253548871207173,1752266773.518535,1752266780.536244,6.137636822848088,1752266773.5185359,1752266783.10681,8.49145376123768,1752266773.518538,1752266780.2101579,11.922533593561123,1752266773.518592,1752266782.4916651,12.497280475489767
P010_emotion_responsive_1,Participant P010,P010@experiment.com,,2025-07-11T15:46:15.490139,emotion_responsive,tired,{},"{""success"": true, ""agents_called"": [""context_intelligence"", ""preference_learning"", ""preparation_time""], ""preparation_time"": {""total_minutes"": 66, ""ready_time"": ""16:52"", ""formatted_duration"": ""01:06"", ""queue_position"": 41, ""complexity_multiplier"": 1.4, ""queue_multiplier"": 2.0, ""additional_wait_time"": 0, ""unavailable_items"": [], ""low_stock_items"": [], ""preparing_items"": []}, ""recommendations"": {""context_intelligence"": [{""type"": ""context_intelligence"", ""title"": ""Inventory-Aware Suggestion"", ""message"": ""Queue position: #41"", ""priority"": ""medium""}], ""preference_learning"": [{""type"": ""preference_learning"", ""title"": ""Most Popular Choice"", ""message"": ""Our most loved dish by all customers"", ""priority"": ""medium"", ""confidence"": 0.6, ""reasoning"": ""Based on overall popularity""}, {""type"": ""preference_learning"", ""title"": ""Chef's Recommendation"", ""message"": ""Our signature dish with perfect balance"", ""priority"": ""medium"", ""confidence"": 0.7, ""reasoning"": ""Chef's special selection""}], ""preparation_time"": [{""type"": ""preparation_time"", ""title"": ""Preparation Time Estimate"", ""message"": ""Your order will be ready at 16:52"", ""priority"": ""high""}]}, ""refreshment_suggestions"": [{""name"": ""Masala Chai"", ""price"": 3.5, ""reason"": ""Perfect for longer waits""}, {""name"": ""Mango Lassi"", ""price"": 4.0, ""reason"": ""Refreshing yogurt drink""}], ""optimization_strategies"": [{""type"": ""queue_optimization"", ""title"": ""Queue Management"", ""message"": ""You are #41 in the queue"", ""suggestions"": [""Consider simpler order"", ""Add refreshment drink""]}]}","{""context_intelligence"": {""shown"": 1, ""accepted"": 1, ""rejected"": 0}, ""preference_learning"": {""shown"": 2, ""accepted"": 2, ""rejected"": 0}, ""preparation_time"": {""shown"": 1, ""accepted"": 1, ""rejected"": 0}}",0,0,0,1752266775.467129,1752266789.6405768,5.516774482304622,1752266775.468877,1752266781.170606,5.700956548145523,1752266775.468881,1752266790.0105124,9.580654439532312,1752266775.471262,1752266789.6549294,14.305401915740752,1752266775.487953,1752266788.7388978,5.065490885415053,1752266775.4880362,1752266784.8312478,5.973373908182706
P010_emotion_responsive_2,Participant P010,P010@experiment.com,,2025-07-11T15:46:18.463529,emotion_responsive,neutral,{},"{""success"": true, ""agents_called"": [""context_intelligence"", ""preference_learning"", ""preparation_time""], ""preparation_time"": {""total_minutes"": 55, ""ready_time"": ""16:41"", ""formatted_duration"": ""00:55"", ""queue_position"": 32, ""complexity_multiplier"": 1.2, ""queue_multiplier"": 2.0, ""additional_wait_time"": 0, ""unavailable_items"": [], ""low_stock_items"": [], ""preparing_items"": []}, ""recommendations"": {""context_intelligence"": [{""type"": ""context_intelligence"", ""title"": ""Inventory-Aware Suggestion"", ""message"": ""Queue position: #32"", ""priority"": ""medium""}], ""preference_learning"": [{""type"": ""preference_learning"", ""title"": ""Your Favorite Protein"", ""message"": ""Based on your 1 previous orders, you love Chicken dishes"", ""priority"": ""high"", ""confidence"": 0.1, ""reasoning"": ""You've ordered chicken 0 times""}, {""type"": ""preference_learning"", ""title"": ""Popular Among Similar Users"", ""message"": ""Users with similar tastes love our signature dishes"", ""priority"": ""medium"", ""confidence"": 0.7, ""reasoning"": ""Based on 3 similar users""}], ""preparation_time"": [{""type"": ""preparation_time"", ""title"": ""Preparation Time Estimate"", ""message"": ""Your order will be ready at 16:41"", ""priority"": ""high""}]}, ""refreshment_suggestions"": [{""name"": ""Masala Chai"", ""price"": 3.5, ""reason"": ""Perfect for longer waits""}, {""name"": ""Mango Lassi"", ""price"": 4.0, ""reason"": ""Refreshing yogurt drink""}], ""optimization_strategies"": [{""type"": ""queue_optimization"", ""title"": ""Queue Management"", ""message"": ""You are #32 in the queue"", ""suggestions"": [""Consider simpler order"", ""Add refreshment drink""]}]}","{""context_intelligence"": {""shown"": 1, ""accepted"": 1, ""rejected"": 0}, ""preference_learning"": {""shown"": 2, ""accepted"": 2, ""rejected"": 0}, ""preparation_time"": {""shown"": 1, ""accepted"": 1, ""rejected"": 0}}",0,0,0,1752266778.4420538,1752266791.1975114,14.577693747586961,1752266778.4436579,1752266783.4877648,6.466570256207087,1752266778.443661,1752266788.9860961,8.246629838953517,1752266778.446295,1752266785.745967,6.521465220512216,1752266778.4612749,1752266788.5981488,7.72473049501729,1752266778.461364,1752266786.0121703,11.685879222972803
P010_emotion_responsive_3,Participant P010,P010@experiment.com,,2025-07-11T15:46:20.289603,emotion_responsive,happy,{},"{""success"": true, ""agents_called"": [""context_intelligence"", ""preference_learning"", ""preparation_time""], ""preparation_time"": {""total_minutes"": 69, ""ready_time"": ""16:55"", ""formatted_duration"": ""01:09"", ""queue_position"": 49, ""complexity_multiplier"": 1.2, ""queue_multiplier"": 2.0, ""additional_wait_time"": 0, ""unavailable_items"": [""Curry Masala""], ""low_stock_items"": [], ""preparing_items"": []}, ""recommendations"": {""context_intelligence"": [{""type"": ""context_intelligence"", ""title"": ""Inventory-Aware Suggestion"", ""message"": ""Queue position: #49"", ""priority"": ""medium""}, {""type"": ""context_intelligence"", ""title"": ""Unavailable Items"", ""message"": ""These items are currently out of stock: Curry Masala"", ""priority"": ""high""}], ""preference_learning"": [{""type"": ""preference_learning"", ""title"": ""Your Favorite Protein"", ""message"": ""Based on your 2 previous orders, you love Chicken dishes"", ""priority"": ""high"", ""confidence"": 0.2, ""reasoning"": ""You've ordered chicken 0 times""}, {""type"": ""preference_learning"", ""title"": ""Popular Among Similar Users"", ""message"": ""Users with similar tastes love our signature dishes"", ""priority"": ""medium"", ""confidence"": 0.7, ""reasoning"": ""Based on 3 similar users""}], ""preparation_time"": [{""type"": ""preparation_time"", ""title"": ""Preparation Time Estimate"", ""message"": ""Your order will be ready at 16:55"", ""priority"": ""high""}]}, ""refreshment_suggestions"": [{""name"": ""Masala Chai"", ""price"": 3.5, ""reason"": ""Perfect for longer waits""}, {""name"": ""Mango Lassi"", ""price"": 4.0, ""reason"": ""Refreshing yogurt drink""}], ""optimization_strategies"": [{""type"": ""queue_optimization"", ""title"": ""Queue Management"", ""message"": ""You are #49 in the queue"", ""suggestions"": [""Consider simpler order"", ""Add refreshment drink""]}]}","{""context_intelligence"": {""shown"": 2, ""accepted"": 2, ""rejected"": 0}, ""preference_learning"": {""shown"": 2, ""accepted"": 0, ""rejected"": 0}, ""preparation_time"": {""shown"": 1, ""accepted"": 1, ""rejected"": 0}}",0,0,0,1752266780.128578,1752266786.2166686,7.72030898285113,1752266780.1702652,1752266788.6254282,14.330789888031616,1752266780.1702762,1752266787.3749964,10.220227401440232,1752266780.174753,1752266787.3600407,13.546154289833792,1752266780.2817862,1752266786.741481,12.437636613547365,1752266780.281955,1752266791.827503,5.016570450979339
P010_emotion_responsive_4,Participant P010,P010@experiment.com,,2025-07-11T15:46:23.204017,emotion_responsive,stressed,{},"{""success"": true, ""agents_called"": [""context_intelligence"", ""preference_learning"", ""preparation_time""], ""preparation_time"": {""total_minutes"": 34, ""ready_time"": ""16:20"", ""formatted_duration"": ""00:34"", ""queue_position"": 13, ""complexity_multiplier"": 1.8, ""queue_multiplier"": 1.2, ""additional_wait_time"": 0, ""unavailable_items"": [""Curry Masala""], ""low_stock_items"": [""Lemon""], ""preparing_items"": []}, ""recommendations"": {""context_intelligence"": [{""type"": ""context_intelligence"", ""title"": ""Inventory-Aware Suggestion"", ""message"": ""Queue position: #13"", ""priority"": ""medium""}, {""type"": ""context_intelligence"", ""title"": ""Unavailable Items"", ""message"": ""These items are currently out of stock: Curry Masala"", ""priority"": ""high""}], ""preference_learning"": [{""type"": ""preference_learning"", ""title"": ""Your Favorite Protein"", ""message"": ""Based on your 3 previous orders, you love Chicken dishes"", ""priority"": ""high"", ""confidence"": 0.30000000000000004, ""reasoning"": ""You've ordered chicken 0 times""}, {""type"": ""preference_learning"", ""title"": ""Popular Among Similar Users"", ""message"": ""Users with similar tastes love our signature dishes"", ""priority"": ""medium"", ""confidence"": 0.7, ""reasoning"": ""Based on 3 similar users""}, {""type"": ""preference_learning"", ""title"": ""Morning Preference"", ""message"": ""Perfect morning fuel based on your preferences"", ""priority"": ""low"", ""confidence"": 0.6, ""reasoning"": ""Optimized for morning consumption""}], ""preparation_time"": [{""type"": ""preparation_time"", ""title"": ""Preparation Time Estimate"", ""message"": ""Your order will be ready at 16:20"", ""priority"": ""high""}]}, ""refreshment_suggestions"": [{""name"": ""Masala Chai"", ""price"": 3.5, ""reason"": ""Perfect for longer waits""}, {""name"": ""Mango Lassi"", ""price"": 4.0, ""reason"": ""Refreshing yogurt drink""}], ""optimization_strategies"": []}","{""context_intelligence"": {""shown"": 2, ""accepted"": 2, ""rejected"": 0}, ""preference_learning"": {""shown"": 3, ""accepted"": 3, ""rejected"": 0}, ""preparation_time"": {""shown"": 1, ""accepted"": 1, ""rejected"": 0}}",0,0,0,1752266783.1601799,1752266794.0062833,9.264311068541904,1752266783.16469,1752266797.8894238,9.956360027879231,1752266783.1646972,1752266792.044982,6.240614356284525,1752266783.170051,1752266790.4900107,10.31733224079014,1752266783.2014499,1752266788.279815,8.501520103506024,1752266783.20154,1752266788.655814,11.449947607379741
P010_emotion_responsive_5,Participant P010,P010@experiment.com,,2025-07-11T15:46:24.671533,emotion_responsive,surprised,{},"{""success"": true, ""agents_called"": [""context_intelligence"", ""preference_learning"", ""preparation_time""], ""preparation_time"": {""total_minutes"": 68, ""ready_time"": ""16:54"", ""formatted_duration"": ""01:08"", ""queue_position"": 48, ""complexity_multiplier"": 1.2, ""queue_multiplier"": 2.0, ""additional_wait_time"": 0, ""unavailable_items"": [], ""low_stock_items"": [""Malai Masala""], ""preparing_items"": []}, ""recommendations"": {""context_intelligence"": [{""type"": ""context_intelligence"", ""title"": ""Inventory-Aware Suggestion"", ""message"": ""Queue position: #48"", ""priority"": ""medium""}], ""preference_learning"": [{""type"": ""preference_learning"", ""title"": ""Your Favorite Protein"", ""message"": ""Based on your 4 previous orders, you love Chicken dishes"", ""priority"": ""high"", ""confidence"": 0.4, ""reasoning"": ""You've ordered chicken 0 times""}, {""type"": ""preference_learning"", ""title"": ""Popular Among Similar Users"", ""message"": ""Users with similar tastes love our signature dishes"", ""priority"": ""medium"", ""confidence"": 0.7, ""reasoning"": ""Based on 3 similar users""}], ""preparation_time"": [{""type"": ""preparation_time"", ""title"": ""Preparation Time Estimate"", ""message"": ""Your order will be ready at 16:54"", ""priority"": ""high""}]}, ""refreshment_suggestions"": [{""name"": ""Masala Chai"", ""price"": 3.5, ""reason"": ""Perfect for longer waits""}, {""name"": ""Mango Lassi"", ""price"": 4.0, ""reason"": ""Refreshing yogurt drink""}], ""optimization_strategies"": [{""type"": ""queue_optimization"", ""title"": ""Queue Management"", ""message"": ""You are #48 in the queue"", ""suggestions"": [""Consider simpler order"", ""Add refreshment drink""]}]}","{""context_intelligence"": {""shown"": 1, ""accepted"": 1, ""rejected"": 0}, ""preference_learning"": {""shown"": 2, ""accepted"": 2, ""rejected"": 0}, ""preparation_time"": {""shown"": 1, ""accepted"": 1, ""rejected"": 0}}",0,0,0,1752266784.637472,1752266793.8922274,10.969668045487923,1752266784.640476,1752266791.443375,8.94816605445749,1752266784.640481,1752266791.9559193,7.330203016689323,1752266784.644119,1752266798.4069986,6.623368761768188,1752266784.6681988,1752266796.3581665,8.95232187737177,1752266784.6683362,1752266789.6967666,9.345033206498213
P010_traditional_1,Participant P010,P010@experiment.com,,2025-07-11T15:46:27.269864,traditional,stressed,{},null,"{""context_intelligence"": {""shown"": 0, ""accepted"": 0, ""rejected"": 0}, ""preference_learning"": {""shown"": 0, ""accepted"": 0, ""rejected"": 0}, ""preparation_time"": {""shown"": 0, ""accepted"": 0, ""rejected"": 0}}",0,0,0,1752266787.259884,1752266800.9514637,8.092041671013824,1752266787.263721,1752266797.9086463,10.972974092843588,1752266787.263723,1752266796.9796724,8.657824431379833,1752266787.2637289,1752266792.4458857,11.092745650462296,1752266787.2638521,1752266792.737605,8.627334240425668
P010_traditional_2,Participant P010,P010@experiment.com,,2025-07-11T15:46:29.159662,traditional,sad,{},null,"{""context_intelligence"": {""shown"": 0, ""accepted"": 0, ""rejected"": 0}, ""preference_learning"": {""shown"": 0, ""accepted"": 0, ""rejected"": 0}, ""preparation_time"": {""shown"": 0, ""accepted"": 0, ""rejected"": 0}}",0,0,0,1752266789.148739,1752266802.8934033,7.178108082729908,1752266789.153805,1752266796.1944199,11.498142149894301,1752266789.1538079,1752266804.0805757,5.2827448078592525,1752266789.153814,1752266802.1597104,12.356254614267035,1752266789.153939,1752266798.9901814,10.537866820746617
P010_traditional_3,Participant P010,P010@experiment.com,,2025-07-11T15:46:31.925774,traditional,stressed,{},null,"{""context_intelligence"": {""shown"": 0, ""accepted"": 0, ""rejected"": 0}, ""preference_learning"": {""shown"": 0, ""accepted"": 0, ""rejected"": 0}, ""preparation_time"": {""shown"": 0, ""accepted"": 0, ""rejected"": 0}}",0,0,0,1752266791.918797,1752266804.089728,14.159186377897482,1752266791.9213288,1752266801.1925228,11.112532197106018,1752266791.921331,1752266802.803435,9.917271708064172,1752266791.921335,1752266804.6627562,10.283454020264726,1752266791.92143,1752266800.2156937,12.336551880576621
P010_traditional_4,Participant P010,P010@experiment.com,,2025-07-11T15:46:33.928243,traditional,neutral,{},null,"{""context_intelligence"": {""shown"": 0, ""accepted"": 0, ""rejected"": 0}, ""preference_learning"": {""shown"": 0, ""accepted"": 0, ""rejected"": 0}, ""preparation_time"": {""shown"": 0, ""accepted"": 0, ""rejected"": 0}}",0,0,0,1752266793.922726,1752266799.3757966,12.394223132451724,1752266793.925049,1752266808.2856662,8.357484123555531,1752266793.925051,1752266803.6208658,12.927397192791062,1752266793.925053,1752266802.37352,5.453224352066445,1752266793.9251251,1752266799.6154218,5.499294563286212
P010_traditional_5,Participant P010,P010@experiment.com,,2025-07-11T15:46:35.003894,traditional,angry,{},null,"{""context_intelligence"": {""shown"": 0, ""accepted"": 0, ""rejected"": 0}, ""preference_learning"": {""shown"": 0, ""accepted"": 0, ""rejected"": 0}, ""preparation_time"": {""shown"": 0, ""accepted"": 0, ""rejected"": 0}}",0,0,0,1752266794.9968681,1752266804.5849771,6.20885961456022,1752266794.99985,1752266805.1131065,12.227179830942118,1752266794.999852,1752266806.6409445,8.601753227897794,1752266794.9998562,1752266804.6763966,8.66120673271741,1752266794.999945,1752266807.4523516,12.91823259806096
P011_emotion_responsive_1,Participant P011,P011@experiment.com,,2025-07-11T15:46:37.853438,emotion_responsive,stressed,{},"{""success"": true, ""agents_called"": [""context_intelligence"", ""preference_learning"", ""preparation_time""], ""preparation_time"": {""total_minutes"": 45, ""ready_time"": ""16:31"", ""formatted_duration"": ""00:45"", ""queue_position"": 21, ""complexity_multiplier"": 1.6, ""queue_multiplier"": 1.5, ""additional_wait_time"": 0, ""unavailable_items"": [], ""low_stock_items"": [""Lemon""], ""preparing_items"": []}, ""recommendations"": {""context_intelligence"": [{""type"": ""context_intelligence"", ""title"": ""Inventory-Aware Suggestion"", ""message"": ""Queue position: #21"", ""priority"": ""medium""}], ""preference_learning"": [{""type"": ""preference_learning"", ""title"": ""Most Popular Choice"", ""message"": ""Our most loved dish by all customers"", ""priority"": ""medium"", ""confidence"": 0.6, ""reasoning"": ""Based on overall popularity""}, {""type"": ""preference_learning"", ""title"": ""Chef's Recommendation"", ""message"": ""Our signature dish with perfect balance"", ""priority"": ""medium"", ""confidence"": 0.7, ""reasoning"": ""Chef's special selection""}], ""preparation_time"": [{""type"": ""preparation_time"", ""title"": ""Preparation Time Estimate"", ""message"": ""Your order will be ready at 16:31"", ""priority"": ""high""}]}, ""refreshment_suggestions"": [{""name"": ""Masala Chai"", ""price"": 3.5, ""reason"": ""Perfect for longer waits""}, {""name"": ""Mango Lassi"", ""price"": 4.0, ""reason"": ""Refreshing yogurt drink""}], ""optimization_strategies"": [{""type"": ""queue_optimization"", ""title"": ""Queue Management"", ""message"": ""You are #21 in the queue"", ""suggestions"": [""Consider simpler order"", ""Add refreshment drink""]}]}","{""context_intelligence"": {""shown"": 1, ""accepted"": 1, ""rejected"": 0}, ""preference_learning"": {""shown"": 2, ""accepted"": 0, ""rejected"": 0}, ""preparation_time"": {""shown"": 1, ""accepted"": 1, ""rejected"": 0}}",0,0,0,1752266797.830443,1752266808.0870903,8.206129831848845,1752266797.832299,1752266809.9867792,8.703805945387968,1752266797.832302,1752266805.0711138,9.228694738299113,1752266797.8347158,1752266809.16304,9.364359453938588,1752266797.8513181,1752266810.238183,10.831684514350286,1752266797.851398,1752266807.8830154,13.93392595277963
P011_emotion_responsive_2,Participant P011,P011@experiment.com,,2025-07-11T15:46:39.544085,emotion_responsive,happy,{},"{""success"": true, ""agents_called"": [""context_intelligence"", ""preference_learning"", ""preparation_time""], ""preparation_time"": {""total_minutes"": 33, ""ready_time"": ""16:19"", ""formatted_duration"": ""00:33"", ""queue_position"": 13, ""complexity_multiplier"": 1.7, ""queue_multiplier"": 1.2, ""additional_wait_time"": 0, ""unavailable_items"": [], ""low_stock_items"": [""Malai Masala""], ""preparing_items"": []}, ""recommendations"": {""context_intelligence"": [{""type"": ""context_intelligence"", ""title"": ""Inventory-Aware Suggestion"", ""message"": ""Queue position: #13"", ""priority"": ""medium""}], ""preference_learning"": [{""type"": ""preference_learning"", ""title"": ""Your Favorite Protein"", ""message"": ""Based on your 1 previous orders, you love Chicken dishes"", ""priority"": ""high"", ""confidence"": 0.1, ""reasoning"": ""You've ordered chicken 0 times""}, {""type"": ""preference_learning"", ""title"": ""Popular Among Similar Users"", ""message"": ""Users with similar tastes love our signature dishes"", ""priority"": ""medium"", ""confidence"": 0.7, ""reasoning"": ""Based on 3 similar users""}], ""preparation_time"": [{""type"": ""preparation_time"", ""title"": ""Preparation Time Estimate"", ""message"": ""Your order will be ready at 16:19"", ""priority"": ""high""}]}, ""refreshment_suggestions"": [{""name"": ""Masala Chai"", ""price"": 3.5, ""reason"": ""Perfect for longer waits""}, {""name"": ""Mango Lassi"", ""price"": 4.0, ""reason"": ""Refreshing yogurt drink""}], ""optimization_strategies"": []}","{""context_intelligence"": {""shown"": 1, ""accepted"": 1, ""rejected"": 0}, ""preference_learning"": {""shown"": 2, ""accepted"": 2, ""rejected"": 0}, ""preparation_time"": {""shown"": 1, ""accepted"": 1, ""rejected"": 0}}",0,0,0,1752266799.515703,1752266805.6911297,13.72848501763014,1752266799.517845,1752266804.9204977,10.65487538895751,1752266799.5178502,1752266812.728061,13.442270327293116,1752266799.521046,1752266805.3022583,7.00152707015567,1752266799.541641,1752266808.5476117,14.15594706363074,1752266799.541733,1752266805.7809353,9.08905104192866
P011_emotion_responsive_3,Participant P011,P011@experiment.com,,2025-07-11T15:46:42.375989,emotion_responsive,surprised,{},"{""success"": true, ""agents_called"": [""context_intelligence"", ""preference_learning"", ""preparation_time""], ""preparation_time"": {""total_minutes"": 21, ""ready_time"": ""16:07"", ""formatted_duration"": ""00:21"", ""queue_position"": 6, ""complexity_multiplier"": 1.3, ""queue_multiplier"": 1.2, ""additional_wait_time"": 0, ""unavailable_items"": [], ""low_stock_items"": [], ""preparing_items"": []}, ""recommendations"": {""context_intelligence"": [{""type"": ""context_intelligence"", ""title"": ""Inventory-Aware Suggestion"", ""message"": ""Queue position: #6"", ""priority"": ""medium""}], ""preference_learning"": [{""type"": ""preference_learning"", ""title"": ""Your Favorite Protein"", ""message"": ""Based on your 2 previous orders, you love Chicken dishes"", ""priority"": ""high"", ""confidence"": 0.2, ""reasoning"": ""You've ordered chicken 0 times""}, {""type"": ""preference_learning"", ""title"": ""Popular Among Similar Users"", ""message"": ""Users with similar tastes love our signature dishes"", ""priority"": ""medium"", ""confidence"": 0.7, ""reasoning"": ""Based on 3 similar users""}, {""type"": ""preference_learning"", ""title"": ""Morning Preference"", ""message"": ""Perfect morning fuel based on your preferences"", ""priority"": ""low"", ""confidence"": 0.6, ""reasoning"": ""Optimized for morning consumption""}], ""preparation_time"": [{""type"": ""preparation_time"", ""title"": ""Preparation Time Estimate"", ""message"": ""Your order will be ready at 16:07"", ""priority"": ""high""}]}, ""refreshment_suggestions"": [{""name"": ""Masala Chai"", ""price"": 3.5, ""reason"": ""Perfect for longer waits""}, {""name"": ""Mango Lassi"", ""price"": 4.0, ""reason"": ""Refreshing yogurt drink""}], ""optimization_strategies"": []}","{""context_intelligence"": {""shown"": 1, ""accepted"": 0, ""rejected"": 0}, ""preference_learning"": {""shown"": 3, ""accepted"": 3, ""rejected"": 0}, ""preparation_time"": {""shown"": 1, ""accepted"": 1, ""rejected"": 0}}",0,0,0,1752266802.339433,1752266817.094965,13.264165773366933,1752266802.341991,1752266809.5879805,12.322894710700348,1752266802.341996,1752266814.4323173,9.371766483415843,1752266802.346106,1752266815.0292761,10.503428986165211,1752266802.3735108,1752266810.0500028,5.509714817068598,1752266802.3736162,1752266816.453628,8.107437739176634
P011_emotion_responsive_4,Participant P011,P011@experiment.com,,2025-07-11T15:46:43.997680,emotion_responsive,neutral,{},"{""success"": true, ""agents_called"": [""context_intelligence"", ""preference_learning"", ""preparation_time""], ""preparation_time"": {""total_minutes"": 14, ""ready_time"": ""16:00"", ""formatted_duration"": ""00:14"", ""queue_position"": 4, ""complexity_multiplier"": 1.0, ""queue_multiplier"": 1.0, ""additional_wait_time"": 0, ""unavailable_items"": [], ""low_stock_items"": [], ""preparing_items"": []}, ""recommendations"": {""context_intelligence"": [{""type"": ""context_intelligence"", ""title"": ""Inventory-Aware Suggestion"", ""message"": ""Queue position: #4"", ""priority"": ""medium""}], ""preference_learning"": [{""type"": ""preference_learning"", ""title"": ""Your Favorite Protein"", ""message"": ""Based on your 3 previous orders, you love Chicken dishes"", ""priority"": ""high"", ""confidence"": 0.30000000000000004, ""reasoning"": ""You've ordered chicken 0 times""}, {""type"": ""preference_learning"", ""title"": ""Popular Among Similar Users"", ""message"": ""Users with similar tastes love our signature dishes"", ""priority"": ""medium"", ""confidence"": 0.7, ""reasoning"": ""Based on 3 similar users""}, {""type"": ""preference_learning"", ""title"": ""Morning Preference"", ""message"": ""Perfect morning fuel based on your preferences"", ""priority"": ""low"", ""confidence"": 0.6, ""reasoning"": ""Optimized for morning consumption""}], ""preparation_time"": [{""type"": ""preparation_time"", ""title"": ""Preparation Time Estimate"", ""message"": ""Your order will be ready at 16:00"", ""priority"": ""high""}]}, ""refreshment_suggestions"": [{""name"": ""Water"", ""price"": 1.0, ""reason"": ""Stay hydrated""}, {""name"": ""Soda"", ""price"": 2.0, ""reason"": ""Quick refreshment""}], ""optimization_strategies"": []}","{""context_intelligence"": {""shown"": 1, ""accepted"": 0, ""rejected"": 0}, ""preference_learning"": {""shown"": 3, ""accepted"": 3, ""rejected"": 0}, ""preparation_time"": {""shown"": 1, ""accepted"": 1, ""rejected"": 0}}",0,0,0,1752266803.95157,1752266808.9700809,13.308442099024237,1752266803.956322,1752266815.2070353,9.289114069423086,1752266803.95633,1752266811.5248938,8.3249896105103,1752266803.962357,1752266817.3422966,9.014219221102397,1752266803.994709,1752266812.7460065,14.33856915286477,1752266803.994813,1752266817.5115361,12.790619642668833
P011_emotion_responsive_5,Participant P011,P011@experiment.com,,2025-07-11T15:46:45.942897,emotion_responsive,sad,{},"{""success"": true, ""agents_called"": [""context_intelligence"", ""preference_learning"", ""preparation_time""], ""preparation_time"": {""total_minutes"": 79, ""ready_time"": ""17:05"", ""formatted_duration"": ""01:19"", ""queue_position"": 50, ""complexity_multiplier"": 1.8, ""queue_multiplier"": 2.0, ""additional_wait_time"": 0, ""unavailable_items"": [], ""low_stock_items"": [""Lemon""], ""preparing_items"": []}, ""recommendations"": {""context_intelligence"": [{""type"": ""context_intelligence"", ""title"": ""Inventory-Aware Suggestion"", ""message"": ""Queue position: #50"", ""priority"": ""medium""}], ""preference_learning"": [{""type"": ""preference_learning"", ""title"": ""Your Favorite Protein"", ""message"": ""Based on your 4 previous orders, you love Chicken dishes"", ""priority"": ""high"", ""confidence"": 0.4, ""reasoning"": ""You've ordered chicken 0 times""}, {""type"": ""preference_learning"", ""title"": ""Popular Among Similar Users"", ""message"": ""Users with similar tastes love our signature dishes"", ""priority"": ""medium"", ""confidence"": 0.7, ""reasoning"": ""Based on 3 similar users""}, {""type"": ""preference_learning"", ""title"": ""Morning Preference"", ""message"": ""Perfect morning fuel based on your preferences"", ""priority"": ""low"", ""confidence"": 0.6, ""reasoning"": ""Optimized for morning consumption""}], ""preparation_time"": [{""type"": ""preparation_time"", ""title"": ""Preparation Time Estimate"", ""message"": ""Your order will be ready at 17:05"", ""priority"": ""high""}]}, ""refreshment_suggestions"": [{""name"": ""Masala Chai"", ""price"": 3.5, ""reason"": ""Perfect for longer waits""}, {""name"": ""Mango Lassi"", ""price"": 4.0, ""reason"": ""Refreshing yogurt drink""}], ""optimization_strategies"": [{""type"": ""queue_optimization"", ""title"": ""Queue Management"", ""message"": ""You are #50 in the queue"", ""suggestions"": [""Consider simpler order"", ""Add refreshment drink""]}]}","{""context_intelligence"": {""shown"": 1, ""accepted"": 1, ""rejected"": 0}, ""preference_learning"": {""shown"": 3, ""accepted"": 0, ""rejected"": 0}, ""preparation_time"": {""shown"": 1, ""accepted"": 1, ""rejected"": 0}}",0,0,0,1752266805.901833,1752266814.9753232,5.72992050423781,1752266805.906528,1752266814.4196045,12.243007849924732,1752266805.9065359,1752266812.8624282,10.717382493104216,1752266805.9123268,1752266812.1309984,10.702696287896432,1752266805.9402628,1752266813.3453708,8.096455973925334,1752266805.940366,1752266820.8169062,8.311753400862273
P011_traditional_1,Participant P011,P011@experiment.com,,2025-07-11T15:46:47.202767,traditional,angry,{},null,"{""context_intelligence"": {""shown"": 0, ""accepted"": 0, ""rejected"": 0}, ""preference_learning"": {""shown"": 0, ""accepted"": 0, ""rejected"": 0}, ""preparation_time"": {""shown"": 0, ""accepted"": 0, ""rejected"": 0}}",0,0,0,1752266807.1921222,1752266813.570773,9.937908275459513,1752266807.1969469,1752266820.5958364,10.29755695856114,1752266807.196949,1752266815.181638,7.242909275343923,1752266807.196955,1752266817.5269775,6.494981074099537,1752266807.197057,1752266815.1861067,5.9259541126073465
P011_traditional_2,Participant P011,P011@experiment.com,,2025-07-11T15:46:49.510275,traditional,stressed,{},null,"{""context_intelligence"": {""shown"": 0, ""accepted"": 0, ""rejected"": 0}, ""preference_learning"": {""shown"": 0, ""accepted"": 0, ""rejected"": 0}, ""preparation_time"": {""shown"": 0, ""accepted"": 0, ""rejected"": 0}}",0,0,0,1752266809.503201,1752266820.5868816,7.8722480834430595,1752266809.5062459,1752266815.6116688,14.340888316944149,1752266809.506248,1752266819.7231207,13.341772432043559,1752266809.506253,1752266819.3212907,12.284341214331377,1752266809.5063648,1752266818.9989536,14.414108910497355
P011_traditional_3,Participant P011,P011@experiment.com,,2025-07-11T15:46:52.514056,traditional,tired,{},null,"{""context_intelligence"": {""shown"": 0, ""accepted"": 0, ""rejected"": 0}, ""preference_learning"": {""shown"": 0, ""accepted"": 0, ""rejected"": 0}, ""preparation_time"": {""shown"": 0, ""accepted"": 0, ""rejected"": 0}}",0,0,0,1752266812.507196,1752266824.1132505,7.528719568863344,1752266812.5097501,1752266822.8959787,5.887757356478182,1752266812.509752,1752266821.8108072,10.663027059992874,1752266812.5097558,1752266823.2724211,8.556099260964245,1752266812.50985,1752266823.0668268,13.164598554157386
P011_traditional_4,Participant P011,P011@experiment.com,,2025-07-11T15:46:54.248348,traditional,surprised,{},null,"{""context_intelligence"": {""shown"": 0, ""accepted"": 0, ""rejected"": 0}, ""preference_learning"": {""shown"": 0, ""accepted"": 0, ""rejected"": 0}, ""preparation_time"": {""shown"": 0, ""accepted"": 0, ""rejected"": 0}}",0,0,0,1752266814.235109,1752266828.4152722,6.300193010242787,1752266814.240444,1752266828.5074024,6.343815688648493,1752266814.240447,1752266826.0555933,6.559577405833061,1752266814.240457,1752266825.7034128,14.252164159415688,1752266814.240704,1752266825.528476,11.719207812250314
P011_traditional_5,Participant P011,P011@experiment.com,,2025-07-11T15:46:56.132802,traditional,happy,{},null,"{""context_intelligence"": {""shown"": 0, ""accepted"": 0, ""rejected"": 0}, ""preference_learning"": {""shown"": 0, ""accepted"": 0, ""rejected"": 0}, ""preparation_time"": {""shown"": 0, ""accepted"": 0, ""rejected"": 0}}",0,0,0,1752266816.1244931,1752266824.9241428,5.473524740178589,1752266816.127591,1752266829.8734334,7.415175526970094,1752266816.127593,1752266821.8001604,11.031852295531493,1752266816.1276002,1752266830.9055037,7.786461601669592,1752266816.127719,1752266830.9790294,11.161043157392006
P012_emotion_responsive_1,Participant P012,P012@experiment.com,,2025-07-11T15:46:57.991601,emotion_responsive,stressed,{},"{""success"": true, ""agents_called"": [""context_intelligence"", ""preference_learning"", ""preparation_time""], ""preparation_time"": {""total_minutes"": 63, ""ready_time"": ""16:49"", ""formatted_duration"": ""01:03"", ""queue_position"": 41, ""complexity_multiplier"": 1.2, ""queue_multiplier"": 2.0, ""additional_wait_time"": 0, ""unavailable_items"": [], ""low_stock_items"": [""Malai Masala""], ""preparing_items"": []}, ""recommendations"": {""context_intelligence"": [{""type"": ""context_intelligence"", ""title"": ""Inventory-Aware Suggestion"", ""message"": ""Queue position: #41"", ""priority"": ""medium""}], ""preference_learning"": [{""type"": ""preference_learning"", ""title"": ""Most Popular Choice"", ""message"": ""Our most loved dish by all customers"", ""priority"": ""medium"", ""confidence"": 0.6, ""reasoning"": ""Based on overall popularity""}, {""type"": ""preference_learning"", ""title"": ""Chef's Recommendation"", ""message"": ""Our signature dish with perfect balance"", ""priority"": ""medium"", ""confidence"": 0.7, ""reasoning"": ""Chef's special selection""}], ""preparation_time"": [{""type"": ""preparation_time"", ""title"": ""Preparation Time Estimate"", ""message"": ""Your order will be ready at 16:49"", ""priority"": ""high""}]}, ""refreshment_suggestions"": [{""name"": ""Masala Chai"", ""price"": 3.5, ""reason"": ""Perfect for longer waits""}, {""name"": ""Mango Lassi"", ""price"": 4.0, ""reason"": ""Refreshing yogurt drink""}], ""optimization_strategies"": [{""type"": ""queue_optimization"", ""title"": ""Queue Management"", ""message"": ""You are #41 in the queue"", ""suggestions"": [""Consider simpler order"", ""Add refreshment drink""]}]}","{""context_intelligence"": {""shown"": 1, ""accepted"": 0, ""rejected"": 0}, ""preference_learning"": {""shown"": 2, ""accepted"": 0, ""rejected"": 2}, ""preparation_time"": {""shown"": 1, ""accepted"": 0, ""rejected"": 1}}",0,0,0,1752266817.965795,1752266825.0017467,8.936898002494523,1752266817.967639,1752266826.5385711,10.49196873580993,1752266817.967642,1752266831.376916,10.515701431423485,1752266817.970907,1752266826.2508926,8.49090457087072,1752266817.989377,1752266826.9944515,9.280633896241588,1752266817.989463,1752266827.9324079,6.6557546988267635
P012_emotion_responsive_2,Participant P012,P012@experiment.com,,2025-07-11T15:46:59.169683,emotion_responsive,angry,{},"{""success"": true, ""agents_called"": [""context_intelligence"", ""preference_learning"", ""preparation_time""], ""preparation_time"": {""total_minutes"": 19, ""ready_time"": ""16:05"", ""formatted_duration"": ""00:19"", ""queue_position"": 6, ""complexity_multiplier"": 1.1, ""queue_multiplier"": 1.2, ""additional_wait_time"": 0, ""unavailable_items"": [], ""low_stock_items"": [], ""preparing_items"": []}, ""recommendations"": {""context_intelligence"": [{""type"": ""context_intelligence"", ""title"": ""Inventory-Aware Suggestion"", ""message"": ""Queue position: #6"", ""priority"": ""medium""}], ""preference_learning"": [{""type"": ""preference_learning"", ""title"": ""Your Favorite Protein"", ""message"": ""Based on your 1 previous orders, you love Chicken dishes"", ""priority"": ""high"", ""confidence"": 0.1, ""reasoning"": ""You've ordered chicken 0 times""}, {""type"": ""preference_learning"", ""title"": ""Popular Among Similar Users"", ""message"": ""Users with similar tastes love our signature dishes"", ""priority"": ""medium"", ""confidence"": 0.7, ""reasoning"": ""Based on 3 similar users""}], ""preparation_time"": [{""type"": ""preparation_time"", ""title"": ""Preparation Time Estimate"", ""message"": ""Your order will be ready at 16:05"", ""priority"": ""high""}]}, ""refreshment_suggestions"": [{""name"": ""Sweet Lassi"", ""price"": 3.0, ""reason"": ""Classic Indian drink""}, {""name"": ""Masala Tea"", ""price"": 2.5, ""reason"": ""Quick spiced tea""}], ""optimization_strategies"": []}","{""context_intelligence"": {""shown"": 1, ""accepted"": 0, ""rejected"": 1}, ""preference_learning"": {""shown"": 2, ""accepted"": 0, ""rejected"": 2}, ""preparation_time"": {""shown"": 1, ""accepted"": 1, ""rejected"": 0}}",0,0,0,1752266819.1340349,1752266824.5802844,9.62071859291419,1752266819.138935,1752266827.0362637,7.813668035070459,1752266819.138942,1752266824.8825843,12.041788460267266,1752266819.143657,1752266834.0509183,11.907252175367786,1752266819.16694,1752266827.3048728,14.397078381110946,1752266819.167058,1752266832.0756528,9.028582225435219
P012_emotion_responsive_3,Participant P012,P012@experiment.com,,2025-07-11T15:47:00.853584,emotion_responsive,sad,{},"{""success"": true, ""agents_called"": [""context_intelligence"", ""preference_learning"", ""preparation_time""], ""preparation_time"": {""total_minutes"": 18, ""ready_time"": ""16:05"", ""formatted_duration"": ""00:18"", ""queue_position"": 4, ""complexity_multiplier"": 1.6, ""queue_multiplier"": 1.0, ""additional_wait_time"": 0, ""unavailable_items"": [""Curry Masala""], ""low_stock_items"": [""Lemon""], ""preparing_items"": []}, ""recommendations"": {""context_intelligence"": [{""type"": ""context_intelligence"", ""title"": ""Inventory-Aware Suggestion"", ""message"": ""Queue position: #4"", ""priority"": ""medium""}, {""type"": ""context_intelligence"", ""title"": ""Unavailable Items"", ""message"": ""These items are currently out of stock: Curry Masala"", ""priority"": ""high""}], ""preference_learning"": [{""type"": ""preference_learning"", ""title"": ""Your Favorite Protein"", ""message"": ""Based on your 2 previous orders, you love Chicken dishes"", ""priority"": ""high"", ""confidence"": 0.2, ""reasoning"": ""You've ordered chicken 0 times""}, {""type"": ""preference_learning"", ""title"": ""Popular Among Similar Users"", ""message"": ""Users with similar tastes love our signature dishes"", ""priority"": ""medium"", ""confidence"": 0.7, ""reasoning"": ""Based on 3 similar users""}], ""preparation_time"": [{""type"": ""preparation_time"", ""title"": ""Preparation Time Estimate"", ""message"": ""Your order will be ready at 16:05"", ""priority"": ""high""}]}, ""refreshment_suggestions"": [{""name"": ""Sweet Lassi"", ""price"": 3.0, ""reason"": ""Classic Indian drink""}, {""name"": ""Masala Tea"", ""price"": 2.5, ""reason"": ""Quick spiced tea""}], ""optimization_strategies"": []}","{""context_intelligence"": {""shown"": 2, ""accepted"": 2, ""rejected"": 0}, ""preference_learning"": {""shown"": 2, ""accepted"": 0, ""rejected"": 0}, ""preparation_time"": {""shown"": 1, ""accepted"": 1, ""rejected"": 0}}",0,0,0,1752266820.820405,1752266826.4499876,12.8877322216784,1752266820.8224158,1752266831.2134984,7.644127695720144,1752266820.822421,1752266832.377572,7.617529479420585,1752266820.825268,1752266835.4249635,12.904021408091673,1752266820.8514502,1752266833.84841,7.618108503709586,1752266820.85153,1752266829.078902,9.567916501909817
P012_emotion_responsive_4,Participant P012,P012@experiment.com,,2025-07-11T15:47:02.908979,emotion_responsive,neutral,{},"{""success"": true, ""agents_called"": [""context_intelligence"", ""preference_learning"", ""preparation_time""], ""preparation_time"": {""total_minutes"": 73, ""ready_time"": ""17:00"", ""formatted_duration"": ""01:13"", ""queue_position"": 40, ""complexity_multiplier"": 1.9, ""queue_multiplier"": 2.0, ""additional_wait_time"": 0, ""unavailable_items"": [], ""low_stock_items"": [""Malai Masala"", ""Lemon""], ""preparing_items"": []}, ""recommendations"": {""context_intelligence"": [{""type"": ""context_intelligence"", ""title"": ""Inventory-Aware Suggestion"", ""message"": ""Queue position: #40"", ""priority"": ""medium""}], ""preference_learning"": [{""type"": ""preference_learning"", ""title"": ""Your Favorite Protein"", ""message"": ""Based on your 3 previous orders, you love Chicken dishes"", ""priority"": ""high"", ""confidence"": 0.30000000000000004, ""reasoning"": ""You've ordered chicken 0 times""}, {""type"": ""preference_learning"", ""title"": ""Popular Among Similar Users"", ""message"": ""Users with similar tastes love our signature dishes"", ""priority"": ""medium"", ""confidence"": 0.7, ""reasoning"": ""Based on 3 similar users""}, {""type"": ""preference_learning"", ""title"": ""Morning Preference"", ""message"": ""Perfect morning fuel based on your preferences"", ""priority"": ""low"", ""confidence"": 0.6, ""reasoning"": ""Optimized for morning consumption""}], ""preparation_time"": [{""type"": ""preparation_time"", ""title"": ""Preparation Time Estimate"", ""message"": ""Your order will be ready at 17:00"", ""priority"": ""high""}]}, ""refreshment_suggestions"": [{""name"": ""Masala Chai"", ""price"": 3.5, ""reason"": ""Perfect for longer waits""}, {""name"": ""Mango Lassi"", ""price"": 4.0, ""reason"": ""Refreshing yogurt drink""}], ""optimization_strategies"": [{""type"": ""queue_optimization"", ""title"": ""Queue Management"", ""message"": ""You are #40 in the queue"", ""suggestions"": [""Consider simpler order"", ""Add refreshment drink""]}]}","{""context_intelligence"": {""shown"": 1, ""accepted"": 1, ""rejected"": 0}, ""preference_learning"": {""shown"": 3, ""accepted"": 3, ""rejected"": 0}, ""preparation_time"": {""shown"": 1, ""accepted"": 1, ""rejected"": 0}}",0,0,0,1752266822.8684192,1752266835.9816868,14.413094773241902,1752266822.8727858,1752266831.894822,13.479745739390845,1752266822.8727932,1752266832.3804655,5.581594657584608,1752266822.878044,1752266832.4158273,12.948431677498682,1752266822.905987,1752266837.740273,10.339685099712439,1752266822.906098,1752266836.8123999,7.424309968834807
P012_emotion_responsive_5,Participant P012,P012@experiment.com,,2025-07-11T15:47:05.072994,emotion_responsive,surprised,{},"{""success"": true, ""agents_called"": [""context_intelligence"", ""preference_learning"", ""preparation_time""], ""preparation_time"": {""total_minutes"": 58, ""ready_time"": ""16:45"", ""formatted_duration"": ""00:58"", ""queue_position"": 29, ""complexity_multiplier"": 1.4, ""queue_multiplier"": 1.5, ""additional_wait_time"": 8, ""unavailable_items"": [], ""low_stock_items"": [], ""preparing_items"": [""Curry Special""]}, ""recommendations"": {""context_intelligence"": [{""type"": ""context_intelligence"", ""title"": ""Inventory-Aware Suggestion"", ""message"": ""Queue position: #29"", ""priority"": ""medium""}, {""type"": ""context_intelligence"", ""title"": ""Items Being Prepared"", ""message"": ""These items are being prepared: Curry Special"", ""priority"": ""medium""}], ""preference_learning"": [{""type"": ""preference_learning"", ""title"": ""Your Favorite Protein"", ""message"": ""Based on your 4 previous orders, you love Chicken dishes"", ""priority"": ""high"", ""confidence"": 0.4, ""reasoning"": ""You've ordered chicken 0 times""}, {""type"": ""preference_learning"", ""title"": ""Popular Among Similar Users"", ""message"": ""Users with similar tastes love our signature dishes"", ""priority"": ""medium"", ""confidence"": 0.7, ""reasoning"": ""Based on 3 similar users""}], ""preparation_time"": [{""type"": ""preparation_time"", ""title"": ""Preparation Time Estimate"", ""message"": ""Your order will be ready at 16:45"", ""priority"": ""high""}, {""type"": ""preparation_time"", ""title"": ""Additional Wait Time"", ""message"": ""Some ingredients need 8 more minutes to prepare"", ""priority"": ""high""}]}, ""refreshment_suggestions"": [{""name"": ""Masala Chai"", ""price"": 3.5, ""reason"": ""Perfect for longer waits""}, {""name"": ""Mango Lassi"", ""price"": 4.0, ""reason"": ""Refreshing yogurt drink""}], ""optimization_strategies"": [{""type"": ""queue_optimization"", ""title"": ""Queue Management"", ""message"": ""You are #29 in the queue"", ""suggestions"": [""Consider simpler order"", ""Add refreshment drink""]}]}","{""context_intelligence"": {""shown"": 2, ""accepted"": 0, ""rejected"": 2}, ""preference_learning"": {""shown"": 2, ""accepted"": 0, ""rejected"": 2}, ""preparation_time"": {""shown"": 2, ""accepted"": 2, ""rejected"": 0}}",0,0,0,1752266825.030324,1752266839.3486876,9.970525765901517,1752266825.034764,1752266834.3666127,5.138240124988687,1752266825.0347729,1752266839.0277865,14.771406389985701,1752266825.0390751,1752266839.500763,11.843064054418807,1752266825.070289,1752266840.0463893,6.917812401990595,1752266825.0703812,1752266839.3504016,11.51051367824045
P012_traditional_1,Participant P012,P012@experiment.com,,2025-07-11T15:47:07.491035,traditional,surprised,{},null,"{""context_intelligence"": {""shown"": 0, ""accepted"": 0, ""rejected"": 0}, ""preference_learning"": {""shown"": 0, ""accepted"": 0, ""rejected"": 0}, ""preparation_time"": {""shown"": 0, ""accepted"": 0, ""rejected"": 0}}",0,0,0,1752266827.478745,1752266833.0570266,11.94547831535934,1752266827.483438,1752266838.007522,10.261021841248638,1752266827.4834402,1752266832.665366,9.493328122718566,1752266827.483447,1752266838.629423,12.97214268000529,1752266827.483732,1752266841.0817478,14.95352970888501
P012_traditional_2,Participant P012,P012@experiment.com,,2025-07-11T15:47:08.738940,traditional,surprised,{},null,"{""context_intelligence"": {""shown"": 0, ""accepted"": 0, ""rejected"": 0}, ""preference_learning"": {""shown"": 0, ""accepted"": 0, ""rejected"": 0}, ""preparation_time"": {""shown"": 0, ""accepted"": 0, ""rejected"": 0}}",0,0,0,1752266828.735251,1752266835.1071424,14.653613036698388,1752266828.736803,1752266838.41264,5.246335271542643,1752266828.736804,1752266839.6594431,6.727200922819311,1752266828.7368069,1752266842.6310341,9.236145802543835,1752266828.7368598,1752266838.2797124,9.242476841138956
P012_traditional_3,Participant P012,P012@experiment.com,,2025-07-11T15:47:10.439907,traditional,neutral,{},null,"{""context_intelligence"": {""shown"": 0, ""accepted"": 0, ""rejected"": 0}, ""preference_learning"": {""shown"": 0, ""accepted"": 0, ""rejected"": 0}, ""preparation_time"": {""shown"": 0, ""accepted"": 0, ""rejected"": 0}}",0,0,0,1752266830.429446,1752266837.8544815,10.101128429945117,1752266830.434206,1752266837.8637547,8.558746166596386,1752266830.434208,1752266835.7222104,8.457751646393303,1752266830.4342148,1752266836.3005948,7.347965863173538,1752266830.4343412,1752266840.1763384,14.333718917279391
P012_traditional_4,Participant P012,P012@experiment.com,,2025-07-11T15:47:12.872012,traditional,neutral,{},null,"{""context_intelligence"": {""shown"": 0, ""accepted"": 0, ""rejected"": 0}, ""preference_learning"": {""shown"": 0, ""accepted"": 0, ""rejected"": 0}, ""preparation_time"": {""shown"": 0, ""accepted"": 0, ""rejected"": 0}}",0,0,0,1752266832.862431,1752266847.5287113,7.6694347328956045,1752266832.866563,1752266843.197455,10.821952563139462,1752266832.8665652,1752266844.011792,12.079533990680071,1752266832.866571,1752266845.7936978,8.499166224560376,1752266832.866673,1752266838.6361225,9.07435178528694
P012_traditional_5,Participant P012,P012@experiment.com,,2025-07-11T15:47:14.796917,traditional,neutral,{},null,"{""context_intelligence"": {""shown"": 0, ""accepted"": 0, ""rejected"": 0}, ""preference_learning"": {""shown"": 0, ""accepted"": 0, ""rejected"": 0}, ""preparation_time"": {""shown"": 0, ""accepted"": 0, ""rejected"": 0}}",0,0,0,1752266834.787477,1752266839.9144976,13.282358845598916,1752266834.7915342,1752266846.8294015,6.653749574958285,1752266834.7915368,1752266847.6510262,12.457197719654047,1752266834.791544,1752266839.8019211,8.847204934267564,1752266834.7916422,1752266845.1298144,5.112286830327799
P013_emotion_responsive_1,Participant P013,P013@experiment.com,,2025-07-11T15:47:16.370838,emotion_responsive,sad,{},"{""success"": true, ""agents_called"": [""context_intelligence"", ""preference_learning"", ""preparation_time""], ""preparation_time"": {""total_minutes"": 67, ""ready_time"": ""16:54"", ""formatted_duration"": ""01:07"", ""queue_position"": 45, ""complexity_multiplier"": 1.3, ""queue_multiplier"": 2.0, ""additional_wait_time"": 0, ""unavailable_items"": [""Curry Masala""], ""low_stock_items"": [""Lemon""], ""preparing_items"": []}, ""recommendations"": {""context_intelligence"": [{""type"": ""context_intelligence"", ""title"": ""Inventory-Aware Suggestion"", ""message"": ""Queue position: #45"", ""priority"": ""medium""}, {""type"": ""context_intelligence"", ""title"": ""Unavailable Items"", ""message"": ""These items are currently out of stock: Curry Masala"", ""priority"": ""high""}], ""preference_learning"": [{""type"": ""preference_learning"", ""title"": ""Most Popular Choice"", ""message"": ""Our most loved dish by all customers"", ""priority"": ""medium"", ""confidence"": 0.6, ""reasoning"": ""Based on overall popularity""}, {""type"": ""preference_learning"", ""title"": ""Chef's Recommendation"", ""message"": ""Our signature dish with perfect balance"", ""priority"": ""medium"", ""confidence"": 0.7, ""reasoning"": ""Chef's special selection""}], ""preparation_time"": [{""type"": ""preparation_time"", ""title"": ""Preparation Time Estimate"", ""message"": ""Your order will be ready at 16:54"", ""priority"": ""high""}]}, ""refreshment_suggestions"": [{""name"": ""Masala Chai"", ""price"": 3.5, ""reason"": ""Perfect for longer waits""}, {""name"": ""Mango Lassi"", ""price"": 4.0, ""reason"": ""Refreshing yogurt drink""}], ""optimization_strategies"": [{""type"": ""queue_optimization"", ""title"": ""Queue Management"", ""message"": ""You are #45 in the queue"", ""suggestions"": [""Consider simpler order"", ""Add refreshment drink""]}]}","{""context_intelligence"": {""shown"": 2, ""accepted"": 2, ""rejected"": 0}, ""preference_learning"": {""shown"": 2, ""accepted"": 2, ""rejected"": 0}, ""preparation_time"": {""shown"": 1, ""accepted"": 0, ""rejected"": 0}}",0,0,0,1752266836.343698,1752266845.6341894,10.35354246114846,1752266836.345313,1752266842.4126706,9.679595978134117,1752266836.3453162,1752266846.3583224,5.823297045344823,1752266836.348654,1752266851.0558143,12.712909321981442,1752266836.368716,1752266844.1443768,8.84825999227068,1752266836.368799,1752266843.6987429,7.9474561520330305
P013_emotion_responsive_2,Participant P013,P013@experiment.com,,2025-07-11T15:47:18.714838,emotion_responsive,angry,{},"{""success"": true, ""agents_called"": [""context_intelligence"", ""preference_learning"", ""preparation_time""], ""preparation_time"": {""total_minutes"": 45, ""ready_time"": ""16:32"", ""formatted_duration"": ""00:45"", ""queue_position"": 28, ""complexity_multiplier"": 1.0, ""queue_multiplier"": 1.5, ""additional_wait_time"": 0, ""unavailable_items"": [], ""low_stock_items"": [], ""preparing_items"": []}, ""recommendations"": {""context_intelligence"": [{""type"": ""context_intelligence"", ""title"": ""Inventory-Aware Suggestion"", ""message"": ""Queue position: #28"", ""priority"": ""medium""}], ""preference_learning"": [{""type"": ""preference_learning"", ""title"": ""Your Favorite Protein"", ""message"": ""Based on your 1 previous orders, you love Chicken dishes"", ""priority"": ""high"", ""confidence"": 0.1, ""reasoning"": ""You've ordered chicken 0 times""}, {""type"": ""preference_learning"", ""title"": ""Popular Among Similar Users"", ""message"": ""Users with similar tastes love our signature dishes"", ""priority"": ""medium"", ""confidence"": 0.7, ""reasoning"": ""Based on 3 similar users""}, {""type"": ""preference_learning"", ""title"": ""Morning Preference"", ""message"": ""Perfect morning fuel based on your preferences"", ""priority"": ""low"", ""confidence"": 0.6, ""reasoning"": ""Optimized for morning consumption""}], ""preparation_time"": [{""type"": ""preparation_time"", ""title"": ""Preparation Time Estimate"", ""message"": ""Your order will be ready at 16:32"", ""priority"": ""high""}]}, ""refreshment_suggestions"": [{""name"": ""Masala Chai"", ""price"": 3.5, ""reason"": ""Perfect for longer waits""}, {""name"": ""Mango Lassi"", ""price"": 4.0, ""reason"": ""Refreshing yogurt drink""}], ""optimization_strategies"": [{""type"": ""queue_optimization"", ""title"": ""Queue Management"", ""message"": ""You are #28 in the queue"", ""suggestions"": [""Consider simpler order"", ""Add refreshment drink""]}]}","{""context_intelligence"": {""shown"": 1, ""accepted"": 1, ""rejected"": 0}, ""preference_learning"": {""shown"": 3, ""accepted"": 0, ""rejected"": 0}, ""preparation_time"": {""shown"": 1, ""accepted"": 1, ""rejected"": 0}}",0,0,0,1752266838.690618,1752266845.6741445,11.983028792446643,1752266838.692291,1752266849.5139751,5.7452736020196,1752266838.692294,1752266844.41172,11.740377848696003,1752266838.6946719,1752266852.4426816,12.238149521978368,1752266838.711769,1752266850.1663208,12.015586260407403,1752266838.711853,1752266851.837074,11.421833410845498
P013_emotion_responsive_3,Participant P013,P013@experiment.com,,2025-07-11T15:47:21.649117,emotion_responsive,surprised,{},"{""success"": true, ""agents_called"": [""context_intelligence"", ""preference_learning"", ""preparation_time""], ""preparation_time"": {""total_minutes"": 63, ""ready_time"": ""16:50"", ""formatted_duration"": ""01:03"", ""queue_position"": 44, ""complexity_multiplier"": 1.1, ""queue_multiplier"": 2.0, ""additional_wait_time"": 0, ""unavailable_items"": [], ""low_stock_items"": [], ""preparing_items"": []}, ""recommendations"": {""context_intelligence"": [{""type"": ""context_intelligence"", ""title"": ""Inventory-Aware Suggestion"", ""message"": ""Queue position: #44"", ""priority"": ""medium""}], ""preference_learning"": [{""type"": ""preference_learning"", ""title"": ""Your Favorite Protein"", ""message"": ""Based on your 2 previous orders, you love Chicken dishes"", ""priority"": ""high"", ""confidence"": 0.2, ""reasoning"": ""You've ordered chicken 0 times""}, {""type"": ""preference_learning"", ""title"": ""Popular Among Similar Users"", ""message"": ""Users with similar tastes love our signature dishes"", ""priority"": ""medium"", ""confidence"": 0.7, ""reasoning"": ""Based on 3 similar users""}], ""preparation_time"": [{""type"": ""preparation_time"", ""title"": ""Preparation Time Estimate"", ""message"": ""Your order will be ready at 16:50"", ""priority"": ""high""}]}, ""refreshment_suggestions"": [{""name"": ""Masala Chai"", ""price"": 3.5, ""reason"": ""Perfect for longer waits""}, {""name"": ""Mango Lassi"", ""price"": 4.0, ""reason"": ""Refreshing yogurt drink""}], ""optimization_strategies"": [{""type"": ""queue_optimization"", ""title"": ""Queue Management"", ""message"": ""You are #44 in the queue"", ""suggestions"": [""Consider simpler order"", ""Add refreshment drink""]}]}","{""context_intelligence"": {""shown"": 1, ""accepted"": 1, ""rejected"": 0}, ""preference_learning"": {""shown"": 2, ""accepted"": 2, ""rejected"": 0}, ""preparation_time"": {""shown"": 1, ""accepted"": 0, ""rejected"": 0}}",0,0,0,1752266841.6174579,1752266849.0515742,10.921930190039262,1752266841.62001,1752266850.5388033,14.004736929392374,1752266841.6200151,1752266847.0456514,7.06575506980988,1752266841.623807,1752266851.0116484,12.818107670979272,1752266841.646143,1752266847.752568,10.288053825447484,1752266841.646253,1752266852.1457813,7.409450182461005
